// generated by tools/mkpadart.py — do not edit
#ifndef PADART_BLOBS_H
#define PADART_BLOBS_H

#ifndef __in_flash
#include "pico/platform.h"
#endif
#include <stdint.h>
#include "pad_driver.h"

// k_art_genesis: 3717 bytes
static const uint8_t __in_flash("padart") k_art_genesis[3717] = {
    0x47, 0x41, 0x01, 0x04, 0x40, 0xA1, 0x08, 0x08, 0x1A, 0x14, 0x12, 0x0C, 0x11, 0x02, 0x40, 0x00,
    0x50, 0x0A, 0x90, 0x0A, 0xF8, 0x0B, 0x60, 0x0D, 0x7A, 0x0D, 0x94, 0x0D, 0xAE, 0x0D, 0xC8, 0x0D,
    0xE6, 0x0D, 0x1A, 0x0E, 0x56, 0x0E, 0x5E, 0x0E, 0x67, 0x0E, 0x85, 0x0E, 0x00, 0x00, 0x00, 0x00,
    0x00, 0x00, 0x00, 0x00, 0x00, 0x00, 0x00, 0x00, 0x00, 0x00, 0x00, 0x00, 0x00, 0x00, 0x00, 0x00,
    0x1F, 0xFF, 0x7F, 0xF8, 0xFF, 0xE0, 0xFF, 0x80, 0xFF, 0xC3, 0x7F, 0xFF, 0x3C, 0xFF, 0x00, 0xFF,
    0x1F, 0xFF, 0x78, 0xF8, 0xE0, 0xE0, 0x80, 0x80, 0xC3, 0xC3, 0x7F, 0xFF, 0x3C, 0xFF, 0x00, 0xFF,
    0xFC, 0x0F, 0xFE, 0x07, 0xFC, 0x1F, 0xF8, 0x7F, 0xE0, 0xFF, 0x80, 0xFF, 0x00, 0xFF, 0x01, 0xFF,
    0x0C, 0x0F, 0x06, 0x07, 0x1C, 0x1F, 0x78, 0x7F, 0xE0, 0xFF, 0x80, 0xFF, 0x00, 0xFF, 0x01, 0xFF,
    0xFF, 0xFF, 0xFF, 0xFF, 0xFF, 0xE0, 0x7F, 0xC0, 0x7F, 0xC0, 0x7F, 0xC0, 0x7F, 0xC0, 0x7F, 0xC0,
    0xFF, 0xFF, 0xFF, 0xFF, 0xE0, 0xE0, 0x40, 0xC0, 0x40, 0xC0, 0x40, 0xC0, 0x40, 0xC0, 0x40, 0xC0,
    0xFF, 0xFF, 0xFF, 0xFF, 0xFF, 0x3F, 0xF7, 0x1F, 0xF1, 0x1F, 0xF0, 0x1F, 0xF0, 0x1F, 0xF0, 0x1F,
    0xFF, 0xFF, 0xFF, 0xFF, 0x3F, 0x3F, 0x17, 0x1F, 0x11, 0x1F, 0x10, 0x1F, 0x10, 0x1F, 0x10, 0x1F,
    0xFF, 0xFF, 0xF8, 0xFF, 0xE7, 0xF8, 0xDF, 0xE0, 0xDF, 0xE0, 0xBF, 0xC0, 0xFF, 0x80, 0xFF, 0x80,
    0xFF, 0xFF, 0xFF, 0xF8, 0xF8, 0xE0, 0xE0, 0xC0, 0xE0, 0xC0, 0xC0, 0x80, 0x80, 0x80, 0x80, 0x80,
    0xFF, 0xFF, 0x1F, 0xFF, 0xE7, 0x1F, 0xFB, 0x07, 0xFB, 0x07, 0xFD, 0x03, 0xFF, 0x01, 0xFF, 0x01,
    0xFF, 0xFF, 0xFF, 0x1F, 0x1F, 0x07, 0x07, 0x03, 0x07, 0x03, 0x03, 0x01, 0x01, 0x01, 0x01, 0x01,
    0xE0, 0xFF, 0xFF, 0xFF, 0xFF, 0xE0, 0xFF, 0xC0, 0xFF, 0xC0, 0xFF, 0xC0, 0xFF, 0xC0, 0xFF, 0xC0,
    0xE0, 0xFF, 0xFF, 0xFF, 0xE0, 0xE0, 0xC0, 0xC0, 0xC0, 0xC0, 0xC0, 0xC0, 0xC0, 0xC0, 0xC0, 0xC0,
    0xFF, 0x80, 0xFF, 0x00, 0xFF, 0x00, 0xFF, 0x00, 0xF8, 0x07, 0xF0, 0x0F, 0xF0, 0x0F, 0xF0, 0x0F,
    0xC0, 0x80, 0xC0, 0x00, 0xFF, 0x00, 0xFF, 0x00, 0xF8, 0x07, 0xF0, 0x0F, 0xF0, 0x0F, 0xF0, 0x0F,
    0xFF, 0x80, 0xFF, 0x00, 0x3F, 0x00, 0x3F, 0x00, 0x38, 0x07, 0x30, 0x0F, 0x30, 0x0F, 0x30, 0x0F,
    0xC0, 0x80, 0xC0, 0x00, 0x3F, 0x00, 0x3F, 0x00, 0x38, 0x07, 0x30, 0x0F, 0x30, 0x0F, 0x30, 0x0F,
    0xF8, 0x0F, 0xFF, 0x07, 0xFF, 0x00, 0xFF, 0x00, 0xFF, 0x00, 0x7F, 0x80, 0x7F, 0x80, 0x7F, 0x80,
    0x18, 0x0F, 0x1F, 0x07, 0xFF, 0x00, 0xFF, 0x00, 0xFF, 0x00, 0x7F, 0x80, 0x7F, 0x80, 0x7F, 0x80,
    0xF8, 0x0F, 0xFF, 0x07, 0xE0, 0x00, 0xE0, 0x00, 0xE0, 0x00, 0x60, 0x80, 0x60, 0x80, 0x60, 0x80,
    0x18, 0x0F, 0x1F, 0x07, 0xE0, 0x00, 0xE0, 0x00, 0xE0, 0x00, 0x60, 0x80, 0x60, 0x80, 0x60, 0x80,
    0x3F, 0xFF, 0xFF, 0xFF, 0xFF, 0x3F, 0xFF, 0x1F, 0xFF, 0x1F, 0xFF, 0x1F, 0xFF, 0x1F, 0xFF, 0x1F,
    0x3F, 0xFF, 0xFF, 0xFF, 0x3F, 0x3F, 0x1F, 0x1F, 0x1F, 0x1F, 0x1F, 0x1F, 0x1F, 0x1F, 0x1F, 0x1F,
    0xFF, 0x80, 0xFF, 0x80, 0xFF, 0x80, 0xFF, 0xC0, 0xDF, 0xC0, 0xE7, 0xE0, 0xF8, 0xF8, 0xFF, 0xFF,
    0x80, 0x80, 0x80, 0x80, 0x80, 0x80, 0xC0, 0xC0, 0xC0, 0xC0, 0xE0, 0xE0, 0xF8, 0xF8, 0xFF, 0xFF,
    0xFF, 0x01, 0xFF, 0x01, 0xFF, 0x01, 0xFF, 0x03, 0xFB, 0x03, 0xE7, 0x07, 0x1F, 0x1F, 0xFF, 0xFF,
    0x01, 0x01, 0x01, 0x01, 0x01, 0x01, 0x03, 0x03, 0x03, 0x03, 0x07, 0x07, 0x1F, 0x1F, 0xFF, 0xFF,
    0xFF, 0xC0, 0xFF, 0xC0, 0xFF, 0xE0, 0xFF, 0xFF, 0xE0, 0xFF, 0xF0, 0xFF, 0xF0, 0xFF, 0xF8, 0xFF,
    0xC0, 0xC0, 0xC0, 0xC0, 0xE0, 0xE0, 0xFF, 0xFF, 0xE0, 0xFF, 0xF0, 0xFF, 0xF0, 0xFF, 0xF8, 0xFF,
    0xF8, 0x07, 0xFF, 0x00, 0xFF, 0x00, 0xFF, 0x00, 0xFF, 0x80, 0x7F, 0xC0, 0x7F, 0xC0, 0x7F, 0xC0,
    0xF8, 0x07, 0xFF, 0x00, 0xFF, 0x00, 0xC0, 0x00, 0xC0, 0x80, 0x40, 0xC0, 0x40, 0xC0, 0x40, 0xC0,
    0x38, 0x07, 0x3F, 0x00, 0x3F, 0x00, 0xFF, 0x00, 0xFF, 0x80, 0x7F, 0xC0, 0x7F, 0xC0, 0x7F, 0xC0,
    0x38, 0x07, 0x3F, 0x00, 0x3F, 0x00, 0xC0, 0x00, 0xC0, 0x80, 0x40, 0xC0, 0x40, 0xC0, 0x40, 0xC0,
    0xFF, 0x00, 0xFF, 0x00, 0xFF, 0x00, 0xFF, 0x07, 0xF8, 0x0F, 0xF0, 0x1F, 0xF0, 0x1F, 0xF0, 0x1F,
    0xFF, 0x00, 0xFF, 0x00, 0xFF, 0x00, 0x1F, 0x07, 0x18, 0x0F, 0x10, 0x1F, 0x10, 0x1F, 0x10, 0x1F,
    0xE0, 0x00, 0xE0, 0x00, 0xE0, 0x00, 0xFF, 0x07, 0xF8, 0x0F, 0xF0, 0x1F, 0xF0, 0x1F, 0xF0, 0x1F,
    0xE0, 0x00, 0xE0, 0x00, 0xE0, 0x00, 0x1F, 0x07, 0x18, 0x0F, 0x10, 0x1F, 0x10, 0x1F, 0x10, 0x1F,
    0xFF, 0x1F, 0xFF, 0x1F, 0xFF, 0x3F, 0xFF, 0xFF, 0x3F, 0xFF, 0x7F, 0xFF, 0x7F, 0xFF, 0xFF, 0xFF,
    0x1F, 0x1F, 0x1F, 0x1F, 0x3F, 0x3F, 0xFF, 0xFF, 0x3F, 0xFF, 0x7F, 0xFF, 0x7F, 0xFF, 0xFF, 0xFF,
    0x7F, 0xC0, 0x7F, 0xC0, 0xFF, 0xE0, 0xFF, 0xFF, 0xFF, 0xFF, 0xFF, 0xFF, 0xFF, 0xFF, 0xFF, 0xFF,
    0x40, 0xC0, 0x40, 0xC0, 0xE0, 0xE0, 0xFF, 0xFF, 0xFF, 0xFF, 0xFF, 0xFF, 0xFF, 0xFF, 0xFF, 0xFF,
    0xF1, 0x1F, 0xF7, 0x1F, 0xFF, 0x3F, 0xFF, 0xFF, 0xFF, 0xFF, 0xFF, 0xFF, 0xFF, 0xFF, 0xFF, 0xFF,
    0x11, 0x1F, 0x17, 0x1F, 0x3F, 0x3F, 0xFF, 0xFF, 0xFF, 0xFF, 0xFF, 0xFF, 0xFF, 0xFF, 0xFF, 0xFF,
    0x00, 0x00, 0x00, 0x00, 0x00, 0x00, 0x00, 0x00, 0x00, 0x00, 0x00, 0x00, 0x00, 0x00, 0x00, 0x00,
    0x00, 0x00, 0x00, 0x00, 0x00, 0x00, 0x00, 0x00, 0x00, 0x00, 0x00, 0x00, 0x07, 0x07, 0xFF, 0xF8,
    0x00, 0x00, 0x00, 0x00, 0x00, 0x00, 0x00, 0x00, 0x00, 0x00, 0x07, 0x07, 0xFF, 0xF8, 0xF8, 0x07,
    0x00, 0x00, 0x00, 0x00, 0x00, 0x00, 0x00, 0x00, 0x00, 0x00, 0xFF, 0xFF, 0xFF, 0x00, 0x00, 0xFF,
    0x00, 0x00, 0x00, 0x00, 0x00, 0x00, 0x00, 0x00, 0x00, 0x00, 0xE0, 0xE0, 0xFF, 0x1F, 0x1F, 0xE0,
    0x00, 0x00, 0x00, 0x00, 0x00, 0x00, 0x00, 0x00, 0x00, 0x00, 0x00, 0x00, 0xE0, 0xE0, 0xFF, 0x1F,
    0x00, 0x00, 0x00, 0x00, 0x00, 0x00, 0x00, 0x00, 0x00, 0x00, 0x00, 0x00, 0x00, 0x00, 0x01, 0x01,
    0x00, 0x00, 0x00, 0x00, 0x00, 0x00, 0x00, 0x00, 0x03, 0x03, 0x0F, 0x0C, 0x7C, 0x73, 0xF0, 0x8F,
    0x00, 0x00, 0x01, 0x01, 0x0F, 0x0E, 0x7E, 0x71, 0xF0, 0x8F, 0x80, 0x7F, 0x00, 0xFF, 0x00, 0xFF,
    0x1F, 0x1F, 0xFF, 0xE0, 0xE0, 0x1F, 0x00, 0xFF, 0x00, 0xFF, 0x00, 0xFF, 0x00, 0xFF, 0x00, 0xFF,
    0xF8, 0x07, 0x00, 0xFF, 0x00, 0xFF, 0x00, 0xFF, 0x00, 0xFF, 0x00, 0xFF, 0x00, 0xFF, 0x00, 0xFF,
    0x00, 0xFF, 0x00, 0xFF, 0x00, 0xFF, 0x00, 0xFF, 0x00, 0xFF, 0x00, 0xFF, 0x00, 0xFF, 0x00, 0xFF,
    0x1F, 0xE0, 0x00, 0xFF, 0x00, 0xFF, 0x00, 0xFF, 0x00, 0xFF, 0x00, 0xFF, 0x00, 0xFF, 0x00, 0xFF,
    0xF8, 0xF8, 0xFF, 0x07, 0x07, 0xF8, 0x00, 0xFF, 0x00, 0xFF, 0x00, 0xFF, 0x00, 0xFF, 0x00, 0xFF,
    0x00, 0x00, 0x80, 0x80, 0xF0, 0x70, 0x7E, 0x8E, 0x0F, 0xF1, 0x01, 0xFE, 0x00, 0xFF, 0x00, 0xFF,
    0x00, 0x00, 0x00, 0x00, 0x00, 0x00, 0x00, 0x00, 0xC0, 0xC0, 0xF0, 0x30, 0x3E, 0xCE, 0x0F, 0xF1,
    0x00, 0x00, 0x00, 0x00, 0x00, 0x00, 0x00, 0x00, 0x00, 0x00, 0x00, 0x00, 0x00, 0x00, 0x80, 0x80,
    0x00, 0x00, 0x00, 0x00, 0x00, 0x00, 0x01, 0x01, 0x07, 0x06, 0x1E, 0x19, 0x38, 0x27, 0x60, 0x5F,
    0x0F, 0x0E, 0x3E, 0x31, 0xF0, 0xCF, 0xC0, 0x3F, 0x00, 0xFF, 0x00, 0xFF, 0x00, 0xFF, 0x03, 0xFF,
    0x7F, 0x00, 0xFF, 0x00, 0xFF, 0x00, 0xFF, 0x00, 0xFF, 0x00, 0xFF, 0x00, 0xFF, 0x3F, 0xC0, 0xC0,
    0xFF, 0x00, 0xFF, 0x00, 0xFF, 0x00, 0xFF, 0x00, 0xFF, 0x00, 0xFF, 0x00, 0xFF, 0xE0, 0x1F, 0x1E,
    0x00, 0xFF, 0x00, 0xFF, 0x00, 0xFF, 0x00, 0xFF, 0x00, 0xFF, 0x00, 0xFF, 0x00, 0xFF, 0x07, 0xFF,
    0x00, 0xFF, 0x00, 0xFF, 0x00, 0xFF, 0x00, 0xFF, 0x00, 0xFF, 0x00, 0xFF, 0xF0, 0xFF, 0xF8, 0xFF,
    0x01, 0xFE, 0x00, 0xFF, 0x00, 0xFF, 0x00, 0xFF, 0x00, 0xFF, 0x00, 0xFF, 0x00, 0xFF, 0x00, 0xFF,
    0xF0, 0x70, 0x7C, 0x8C, 0x0F, 0xF3, 0x03, 0xFC, 0x00, 0xFF, 0x00, 0xFF, 0x00, 0xFF, 0x00, 0xFF,
    0x00, 0x00, 0x00, 0x00, 0x00, 0x00, 0x80, 0x80, 0xE0, 0x60, 0x78, 0x98, 0x1C, 0xE4, 0x06, 0xFA,
    0x01, 0x01, 0x03, 0x02, 0x06, 0x05, 0x0C, 0x0B, 0x18, 0x17, 0x30, 0x2F, 0x30, 0x2F, 0x60, 0x5F,
    0xC0, 0xBF, 0x80, 0x7F, 0x00, 0xFF, 0x01, 0xFF, 0x03, 0xFE, 0x07, 0xFC, 0x0F, 0xF8, 0x1E, 0xF0,
    0xFC, 0x0C, 0xF0, 0x30, 0xC0, 0xC0, 0x80, 0x80, 0x01, 0x01, 0x07, 0x07, 0x1F, 0x1F, 0x3F, 0x3F,
    0x02, 0x00, 0x07, 0x00, 0x0F, 0x00, 0x3F, 0x3F, 0xFF, 0xFF, 0xFF, 0xFF, 0xFF, 0xFF, 0xFF, 0xFF,
    0x01, 0x01, 0x00, 0x00, 0x80, 0x00, 0xE0, 0xE0, 0xFC, 0xFC, 0xFF, 0xFF, 0xFF, 0xFF, 0xFF, 0xFF,
    0x80, 0xFF, 0xE0, 0x7F, 0xF8, 0x1F, 0xFC, 0x0F, 0xFE, 0x03, 0xFF, 0x01, 0xFF, 0xC0, 0xFB, 0xE0,
    0xFF, 0x00, 0xFF, 0x00, 0xFF, 0x00, 0xFF, 0x00, 0xFF, 0x00, 0xFF, 0x00, 0xFF, 0x80, 0x7F, 0x40,
    0x00, 0xFF, 0x00, 0xFF, 0x00, 0xFF, 0x01, 0xFF, 0x00, 0xFF, 0x00, 0xFF, 0x00, 0xFF, 0x00, 0xFF,
    0xFF, 0x00, 0xFF, 0x00, 0xFF, 0x00, 0xFF, 0x01, 0xFE, 0x07, 0xF8, 0x1F, 0xE0, 0x7F, 0x80, 0xFC,
    0xFF, 0x00, 0xFF, 0x0F, 0xF0, 0x7F, 0x80, 0xFF, 0x00, 0xF0, 0x0F, 0xCF, 0x3F, 0x3F, 0xFF, 0xFF,
    0xFD, 0x01, 0xFE, 0xF0, 0x0F, 0xFE, 0x01, 0xFF, 0x00, 0x0F, 0xF0, 0xF3, 0xFC, 0xFD, 0xFE, 0xFE,
    0x80, 0x80, 0xC0, 0x40, 0x60, 0xA0, 0x30, 0xD0, 0xD8, 0xE8, 0x6C, 0xF4, 0x3C, 0xF4, 0x96, 0x7A,
    0x00, 0x00, 0x00, 0x00, 0x01, 0x01, 0x01, 0x01, 0x03, 0x02, 0x03, 0x02, 0x03, 0x02, 0x06, 0x05,
    0xC0, 0xBF, 0xC0, 0xBF, 0x80, 0x7F, 0x80, 0x7F, 0x00, 0xFF, 0x00, 0xFF, 0x01, 0xFF, 0x01, 0xFF,
    0xF0, 0x30, 0xE0, 0x20, 0xC1, 0x41, 0xC3, 0x43, 0x83, 0x83, 0x87, 0x87, 0x07, 0x07, 0x0F, 0x0F,
    0xFF, 0x7F, 0xFF, 0xFF, 0xFF, 0xFF, 0xFF, 0xFF, 0xFF, 0xFC, 0xFF, 0xF8, 0xFF, 0xF0, 0xFF, 0xF0,
    0xF0, 0xF0, 0xF8, 0xF8, 0xFC, 0xFC, 0xFE, 0xFE, 0xFE, 0xFE, 0xFF, 0xFF, 0x7F, 0x7F, 0x7F, 0x7F,
    0x7F, 0x60, 0x3F, 0x20, 0x1F, 0x10, 0x1F, 0x10, 0x0F, 0x08, 0x0F, 0x08, 0x07, 0x04, 0x87, 0x84,
    0x00, 0xFF, 0x00, 0xFF, 0x00, 0xFF, 0x00, 0xFF, 0x00, 0xFF, 0x00, 0xFF, 0x00, 0xFF, 0x01, 0xFF,
    0xFE, 0x07, 0xF8, 0x1F, 0xE0, 0x7F, 0x80, 0xFC, 0x03, 0xF3, 0x0F, 0xCF, 0x3F, 0x3F, 0xFF, 0xFF,
    0x03, 0xF3, 0x0F, 0xCF, 0x3F, 0x3F, 0xFF, 0xFF, 0xFF, 0xFF, 0xFF, 0xFF, 0xFF, 0xFF, 0xFF, 0xFF,
    0x0D, 0x79, 0x85, 0xBD, 0xC6, 0xDC, 0xC6, 0xDC, 0xE3, 0xEE, 0xE3, 0xEE, 0xE3, 0xEE, 0xE3, 0xEE,
    0x00, 0x00, 0x00, 0x00, 0x80, 0x80, 0x80, 0x80, 0xC0, 0x40, 0xC0, 0x40, 0xC0, 0x40, 0x60, 0xA0,
    0x06, 0x05, 0x06, 0x05, 0x06, 0x05, 0x0C, 0x0B, 0x0C, 0x0B, 0x0C, 0x0B, 0x0C, 0x0B, 0x0C, 0x0B,
    0xFF, 0x01, 0xFF, 0x01, 0xFE, 0x02, 0xFE, 0x02, 0xFE, 0x02, 0xFE, 0x02, 0xFE, 0x02, 0xFE, 0x02,
    0x0F, 0x0F, 0x0F, 0x0F, 0x1F, 0x1F, 0x1F, 0x1F, 0x3F, 0x1F, 0x7F, 0x1F, 0xFF, 0x1F, 0x7F, 0x1F,
    0x84, 0x87, 0x84, 0x87, 0xC2, 0xC3, 0xC2, 0xC3, 0xE2, 0xC3, 0xF2, 0xC3, 0xFA, 0xC3, 0xF2, 0xC3,
    0xFF, 0x00, 0xFF, 0x00, 0xFF, 0x00, 0xFF, 0x00, 0xFF, 0x03, 0xFE, 0x07, 0xFC, 0x0F, 0xF8, 0x0E,
    0xFE, 0x07, 0xF8, 0x1F, 0xE0, 0x7F, 0x80, 0xFC, 0x03, 0xF3, 0x0F, 0xCF, 0x3F, 0xBF, 0x7F, 0x7F,
    0xE3, 0xEE, 0xE3, 0xEE, 0xE3, 0xEE, 0xE3, 0xEE, 0xC7, 0xDC, 0xC7, 0xDC, 0x87, 0xBC, 0x0F, 0x78,
    0x60, 0xA0, 0x60, 0xA0, 0x60, 0xA0, 0x30, 0xD0, 0x30, 0xD0, 0x30, 0xD0, 0x30, 0xD0, 0x30, 0xD0,
    0x08, 0x0F, 0x08, 0x0F, 0x08, 0x0F, 0x08, 0x0F, 0x08, 0x0F, 0x08, 0x0F, 0x08, 0x0F, 0x08, 0x0F,
    0xFE, 0x02, 0xFE, 0x02, 0xFE, 0x02, 0xFF, 0x01, 0xFF, 0x01, 0xFF, 0x01, 0xFF, 0x01, 0xFF, 0x00,
    0x3F, 0x1F, 0x1F, 0x1F, 0x1F, 0x1F, 0x0F, 0x0F, 0x0F, 0x0F, 0x0F, 0x0F, 0x07, 0x07, 0x87, 0x87,
    0xE2, 0xC3, 0xC2, 0xC3, 0xC2, 0xC3, 0x84, 0x87, 0x84, 0x87, 0x84, 0x87, 0x04, 0x07, 0x08, 0x0F,
    0xF0, 0x1E, 0xE1, 0x3D, 0xE3, 0x3B, 0xE3, 0x3B, 0xC7, 0x77, 0xC7, 0x77, 0xC7, 0x77, 0xC7, 0x77,
    0xFF, 0xFF, 0xFF, 0xFF, 0xFF, 0xFF, 0xFF, 0xFF, 0xFF, 0xFF, 0xFC, 0xFC, 0xF0, 0xF3, 0xC0, 0xCF,
    0xFE, 0xFE, 0xFC, 0xFD, 0xF0, 0xF3, 0xC0, 0xCF, 0x01, 0x3F, 0x07, 0xFE, 0x1F, 0xF8, 0x7F, 0xE0,
    0x1F, 0x70, 0x3F, 0xF0, 0x7F, 0xE0, 0xFF, 0xC0, 0xFF, 0x00, 0xFF, 0x00, 0xFF, 0x00, 0xFF, 0x00,
    0x10, 0xF0, 0x10, 0xF0, 0x10, 0xF0, 0x10, 0xF0, 0x10, 0xF0, 0x10, 0xF0, 0x10, 0xF0, 0x10, 0xF0,
    0x04, 0x07, 0x04, 0x07, 0x04, 0x07, 0x04, 0x07, 0x04, 0x07, 0x04, 0x07, 0x02, 0x03, 0x02, 0x03,
    0xFF, 0x00, 0xFF, 0x00, 0xFF, 0x00, 0xFF, 0x00, 0xFF, 0x00, 0xFF, 0x00, 0x7F, 0x80, 0x7F, 0x80,
    0xFF, 0x83, 0x7F, 0xC3, 0x7F, 0xC1, 0x3F, 0xE0, 0x3F, 0xF0, 0x1E, 0xF0, 0x0F, 0xF8, 0x07, 0xFC,
    0xFC, 0xFC, 0xFF, 0xFF, 0xFF, 0xFF, 0xFF, 0xFF, 0x7F, 0x7F, 0x3F, 0x3F, 0x1F, 0x1F, 0x07, 0x07,
    0xFF, 0xFE, 0xFF, 0xFE, 0xFF, 0xFC, 0xFF, 0xF8, 0xFF, 0xF0, 0xFB, 0xE0, 0xFF, 0xC0, 0xFF, 0x01,
    0x0F, 0x08, 0x1F, 0x10, 0x1F, 0x10, 0x3F, 0x20, 0x7F, 0x60, 0x7F, 0x40, 0xFF, 0x80, 0xFF, 0x00,
    0xC7, 0x77, 0xC7, 0x77, 0xC7, 0x77, 0xC7, 0x77, 0xE3, 0x3B, 0xE3, 0x3B, 0xE1, 0x3D, 0xF0, 0x1E,
    0xFF, 0xFF, 0xFC, 0xFC, 0xF0, 0xF3, 0xC0, 0xCF, 0x01, 0x3F, 0x07, 0xFE, 0x1F, 0xF8, 0x7F, 0xE0,
    0x01, 0x3F, 0x07, 0xFE, 0x1F, 0xF8, 0x7F, 0xE0, 0xFF, 0x80, 0xFF, 0x00, 0xFF, 0x00, 0xFF, 0x00,
    0x80, 0xFF, 0x00, 0xFF, 0x00, 0xFF, 0x00, 0xFF, 0x00, 0xFF, 0x00, 0xFF, 0x00, 0xFF, 0x00, 0xFF,
    0xFF, 0x00, 0xFF, 0x00, 0xFF, 0x00, 0xFF, 0x00, 0xFF, 0x00, 0xFF, 0x00, 0xFE, 0x01, 0xFE, 0x01,
    0x20, 0xE0, 0x20, 0xE0, 0x20, 0xE0, 0x20, 0xE0, 0x20, 0xE0, 0x20, 0xE0, 0x40, 0xC0, 0x40, 0xC0,
    0x02, 0x03, 0x01, 0x01, 0x01, 0x01, 0x01, 0x01, 0x00, 0x00, 0x00, 0x00, 0x00, 0x00, 0x00, 0x00,
    0x7F, 0x80, 0x3F, 0xC0, 0x3F, 0xC0, 0x3F, 0xC0, 0x9F, 0xE0, 0x9F, 0xE0, 0x9F, 0xE0, 0x4F, 0x70,
    0xFE, 0x02, 0xFF, 0x01, 0xFF, 0x00, 0xFF, 0x00, 0xFF, 0x00, 0xFF, 0x00, 0xFF, 0x00, 0xFF, 0x00,
    0x01, 0x01, 0x80, 0x80, 0xC0, 0xC0, 0xF0, 0x30, 0xFC, 0x0C, 0xFF, 0x03, 0xFF, 0x00, 0xFF, 0x00,
    0xFF, 0xFF, 0x3F, 0x3F, 0x0F, 0x00, 0x07, 0x00, 0x02, 0x00, 0xC0, 0xC0, 0x3F, 0xFF, 0x00, 0xFF,
    0xFC, 0xFC, 0xE0, 0xE0, 0x80, 0x00, 0x00, 0x00, 0x01, 0x01, 0x1E, 0x1F, 0xE0, 0xFF, 0x00, 0xFF,
    0x03, 0x02, 0x0F, 0x0C, 0x1F, 0x18, 0x7F, 0x60, 0xFF, 0x80, 0xFF, 0x00, 0xFF, 0x00, 0xFE, 0x01,
    0xFF, 0x00, 0xFF, 0x00, 0xFF, 0x00, 0xFF, 0x00, 0xF8, 0x07, 0xE0, 0x1F, 0x87, 0x7F, 0x18, 0xF8,
    0xFF, 0x00, 0xFF, 0x00, 0xF8, 0x07, 0x80, 0x7F, 0x07, 0xFF, 0x78, 0xF8, 0x80, 0x80, 0x00, 0x00,
    0xFF, 0x00, 0xFF, 0x00, 0x00, 0xFF, 0x00, 0xFF, 0xFF, 0xFF, 0x00, 0x00, 0x00, 0x00, 0x00, 0x00,
    0xF9, 0x0E, 0xFC, 0x0F, 0x1E, 0xE7, 0x03, 0xFF, 0xE0, 0xFF, 0x1E, 0x1F, 0x01, 0x01, 0x00, 0x00,
    0xFF, 0x7F, 0x7F, 0xBF, 0x3F, 0xCF, 0x0F, 0xF0, 0x80, 0xFF, 0x70, 0xFF, 0xEF, 0xFF, 0x18, 0x1F,
    0xFF, 0xFF, 0xFC, 0xFC, 0xF0, 0xF3, 0x00, 0x0F, 0x01, 0xFF, 0x0F, 0xFE, 0xFF, 0xF0, 0x7F, 0x80,
    0xFE, 0x01, 0xFC, 0x03, 0xFC, 0x03, 0xFC, 0x03, 0xF9, 0x07, 0xF9, 0x07, 0xF9, 0x07, 0xF2, 0x0E,
    0x40, 0xC0, 0x80, 0x80, 0x80, 0x80, 0x80, 0x80, 0x00, 0x00, 0x00, 0x00, 0x00, 0x00, 0x00, 0x00,
    0x27, 0x38, 0x27, 0x38, 0x13, 0x1C, 0x13, 0x1C, 0x09, 0x0E, 0x09, 0x0E, 0x04, 0x07, 0x02, 0x03,
    0xFF, 0x00, 0xFF, 0x00, 0xFF, 0x00, 0xFF, 0x00, 0xFF, 0x00, 0xFF, 0x00, 0xFF, 0x00, 0x7F, 0x80,
    0xFF, 0x00, 0xFF, 0x00, 0xFF, 0x00, 0xFF, 0x00, 0xFF, 0x00, 0xFF, 0x00, 0xFF, 0x00, 0xFE, 0x01,
    0xFC, 0x03, 0xF9, 0x07, 0xF2, 0x0E, 0xE4, 0x1C, 0xC8, 0x38, 0x90, 0x70, 0x20, 0xE0, 0x40, 0xC0,
    0x60, 0xE0, 0x80, 0x80, 0x00, 0x00, 0x00, 0x00, 0x00, 0x00, 0x00, 0x00, 0x00, 0x00, 0x00, 0x00,
    0x06, 0x07, 0x01, 0x01, 0x00, 0x00, 0x00, 0x00, 0x00, 0x00, 0x00, 0x00, 0x00, 0x00, 0x00, 0x00,
    0x3F, 0xC0, 0x9F, 0xE0, 0x4F, 0x70, 0x27, 0x38, 0x13, 0x1C, 0x09, 0x0E, 0x04, 0x07, 0x02, 0x03,
    0xE4, 0x1C, 0xE4, 0x1C, 0xC8, 0x38, 0xC8, 0x38, 0x90, 0x70, 0x90, 0x70, 0x20, 0xE0, 0x40, 0xC0,
    0x02, 0x03, 0x01, 0x01, 0x00, 0x00, 0x00, 0x00, 0x00, 0x00, 0x00, 0x00, 0x00, 0x00, 0x00, 0x00,
    0x7F, 0x80, 0x3F, 0xC0, 0x9F, 0xE0, 0x4F, 0x70, 0x27, 0x38, 0x27, 0x38, 0x13, 0x1C, 0x08, 0x0F,
    0xFC, 0x03, 0xF9, 0x07, 0xF9, 0x07, 0xF9, 0x07, 0xF2, 0x0E, 0xF2, 0x0E, 0xE4, 0x1C, 0xE4, 0x1C,
    0x80, 0x80, 0x00, 0x00, 0x00, 0x00, 0x00, 0x00, 0x00, 0x00, 0x00, 0x00, 0x00, 0x00, 0x00, 0x00,
    0x01, 0x01, 0x00, 0x00, 0x00, 0x00, 0x00, 0x00, 0x00, 0x00, 0x00, 0x00, 0x00, 0x00, 0x00, 0x00,
    0x3F, 0xC0, 0x9F, 0xE0, 0x9F, 0xE0, 0x9F, 0xE0, 0x4F, 0x70, 0x4F, 0x70, 0x27, 0x38, 0x27, 0x38,
    0xFE, 0x01, 0xFC, 0x03, 0xF9, 0x07, 0xF2, 0x0E, 0xE4, 0x1C, 0xE4, 0x1C, 0xC8, 0x38, 0x10, 0xF0,
    0x40, 0xC0, 0x80, 0x80, 0x00, 0x00, 0x00, 0x00, 0x00, 0x00, 0x00, 0x00, 0x00, 0x00, 0x00, 0x00,
    0x04, 0x07, 0x03, 0x03, 0x00, 0x00, 0x00, 0x00, 0x00, 0x00, 0x00, 0x00, 0x00, 0x00, 0x00, 0x00,
    0x7F, 0x80, 0x1F, 0xE0, 0x87, 0xF8, 0x60, 0x7F, 0x18, 0x1F, 0x07, 0x07, 0x00, 0x00, 0x00, 0x00,
    0xFF, 0x00, 0xFF, 0x00, 0xFC, 0x03, 0x00, 0xFF, 0x03, 0xFF, 0xFC, 0xFC, 0x00, 0x00, 0x00, 0x00,
    0xC8, 0x38, 0x10, 0xF0, 0x20, 0xE0, 0xC0, 0xC0, 0x00, 0x00, 0x00, 0x00, 0x00, 0x00, 0x00, 0x00,
    0x13, 0x1C, 0x08, 0x0F, 0x04, 0x07, 0x03, 0x03, 0x00, 0x00, 0x00, 0x00, 0x00, 0x00, 0x00, 0x00,
    0xFF, 0x00, 0xFF, 0x00, 0x3F, 0xC0, 0x00, 0xFF, 0xC0, 0xFF, 0x3F, 0x3F, 0x00, 0x00, 0x00, 0x00,
    0xFE, 0x01, 0xF8, 0x07, 0xE1, 0x1F, 0x06, 0xFE, 0x18, 0xF8, 0xE0, 0xE0, 0x00, 0x00, 0x00, 0x00,
    0x20, 0xE0, 0xC0, 0xC0, 0x00, 0x00, 0x00, 0x00, 0x00, 0x00, 0x00, 0x00, 0x00, 0x00, 0x00, 0x00,
    0xFF, 0x7F, 0x6B, 0x31, 0xE7, 0x20, 0x00, 0x04, 0xDE, 0x7F, 0x52, 0x4E, 0x6B, 0x31, 0x00, 0x04,
    0x39, 0x6B, 0x52, 0x4E, 0x6B, 0x31, 0x00, 0x04, 0xDE, 0x7F, 0x94, 0x56, 0xE7, 0x20, 0x00, 0x04,
    0xCE, 0x3D, 0xE7, 0x20, 0x84, 0x14, 0x00, 0x04, 0xFF, 0x7F, 0xE7, 0x20, 0x84, 0x14, 0x00, 0x04,
    0xCE, 0x3D, 0xB6, 0x14, 0xE7, 0x20, 0x00, 0x04, 0xDE, 0x7F, 0xCE, 0x3D, 0xE7, 0x20, 0x00, 0x04,
    0x2C, 0x2C, 0x2C, 0x2C, 0x2C, 0x2C, 0x2C, 0x2C, 0x2C, 0x2C, 0x2C, 0x2C, 0x2C, 0x2C, 0x2C, 0x2C,
    0x2C, 0x2C, 0x2C, 0x2C, 0x2C, 0x2C, 0x2C, 0x2C, 0x2C, 0x2C, 0x2C, 0x2C, 0x2C, 0x2C, 0x2C, 0x2C,
    0x2C, 0x2C, 0x2C, 0x2C, 0x2C, 0x2C, 0x2C, 0x2C, 0x2C, 0x2C, 0x2C, 0x2C, 0x2C, 0x2C, 0x2C, 0x2D,
    0x2E, 0x2F, 0x2F, 0x30, 0x31, 0x2C, 0x2C, 0x2C, 0x2C, 0x2C, 0x2C, 0x2C, 0x2C, 0x2C, 0x2C, 0x32,
    0x33, 0x34, 0x35, 0x36, 0x37, 0x37, 0x37, 0x37, 0x38, 0x39, 0x3A, 0x3B, 0x3C, 0x2C, 0x2C, 0x2C,
    0x2C, 0x2C, 0x3D, 0x3E, 0x3F, 0x40, 0x37, 0x37, 0x37, 0x37, 0x37, 0x37, 0x37, 0x41, 0x42, 0x43,
    0x44, 0x45, 0x2C, 0x2C, 0x2C, 0x46, 0x47, 0x48, 0x49, 0x4A, 0x4B, 0x4C, 0x37, 0x37, 0x37, 0x37,
    0x4D, 0x00, 0x02, 0x4E, 0x4F, 0x50, 0x51, 0x2C, 0x52, 0x53, 0x54, 0x55, 0x04, 0x06, 0x56, 0x57,
    0x37, 0x37, 0x37, 0x37, 0x58, 0x4E, 0x59, 0x5A, 0x08, 0x0A, 0x5B, 0x5C, 0x5D, 0x5E, 0x5F, 0x0C,
    0x0E, 0x12, 0x16, 0x60, 0x37, 0x37, 0x37, 0x61, 0x62, 0x5A, 0x08, 0x0A, 0x18, 0x1A, 0x63, 0x64,
    0x65, 0x66, 0x67, 0x1C, 0x1E, 0x22, 0x26, 0x68, 0x37, 0x37, 0x37, 0x69, 0x08, 0x0A, 0x18, 0x1A,
    0x6A, 0x6B, 0x6C, 0x6D, 0x6E, 0x6F, 0x70, 0x71, 0x28, 0x2A, 0x72, 0x73, 0x37, 0x37, 0x37, 0x74,
    0x18, 0x1A, 0x6A, 0x75, 0x76, 0x77, 0x78, 0x79, 0x7A, 0x7B, 0x7C, 0x7D, 0x7E, 0x7F, 0x80, 0x81,
    0x82, 0x83, 0x83, 0x84, 0x85, 0x86, 0x76, 0x77, 0x37, 0x37, 0x87, 0x88, 0x2C, 0x89, 0x8A, 0x37,
    0x37, 0x8B, 0x8C, 0x8D, 0x2C, 0x2C, 0x2C, 0x2C, 0x8E, 0x8F, 0x8A, 0x37, 0x37, 0x8B, 0x90, 0x2C,
    0x2C, 0x91, 0x92, 0x37, 0x37, 0x93, 0x94, 0x2C, 0x2C, 0x2C, 0x2C, 0x2C, 0x2C, 0x95, 0x96, 0x37,
    0x37, 0x97, 0x98, 0x2C, 0x2C, 0x2C, 0x99, 0x9A, 0x9B, 0x9C, 0x2C, 0x2C, 0x2C, 0x2C, 0x2C, 0x2C,
    0x2C, 0x2C, 0x9D, 0x9E, 0x9F, 0xA0, 0x2C, 0x2C, 0x2C, 0x2C, 0x2C, 0x2C, 0x2C, 0x2C, 0x2C, 0x2C,
    0x2C, 0x2C, 0x2C, 0x2C, 0x2C, 0x2C, 0x2C, 0x2C, 0x2C, 0x2C, 0x2C, 0x2C, 0x2C, 0x2C, 0x2C, 0x2C,
    0x2C, 0x2C, 0x2C, 0x2C, 0x2C, 0x2C, 0x2C, 0x2C, 0x2C, 0x2C, 0x2C, 0x2C, 0x2C, 0x2C, 0x2C, 0x2C,
    0x2C, 0x2C, 0x2C, 0x2C, 0x2C, 0x2C, 0x2C, 0x2C, 0x2C, 0x2C, 0x2C, 0x2C, 0x2C, 0x2C, 0x2C, 0x2C,
    0x2C, 0x2C, 0x2C, 0x2C, 0x2C, 0x2C, 0x2C, 0x2C, 0x2C, 0x2C, 0x2C, 0x2C, 0x2C, 0x2C, 0x2C, 0x2C,
    0x00, 0x00, 0x00, 0x00, 0x00, 0x00, 0x00, 0x00, 0x08, 0x08, 0x08, 0x08, 0x08, 0x08, 0x08, 0x08,
    0x08, 0x08, 0x08, 0x08, 0x08, 0x08, 0x08, 0x08, 0x08, 0x08, 0x08, 0x08, 0x08, 0x08, 0x08, 0x08,
    0x08, 0x08, 0x08, 0x08, 0x08, 0x08, 0x08, 0x08, 0x08, 0x08, 0x08, 0x08, 0x08, 0x08, 0x08, 0x08,
    0x08, 0x08, 0x08, 0x08, 0x08, 0x08, 0x08, 0x08, 0x08, 0x08, 0x08, 0x08, 0x08, 0x08, 0x08, 0x08,
    0x08, 0x08, 0x08, 0x08, 0x08, 0x08, 0x08, 0x08, 0x08, 0x08, 0x08, 0x08, 0x08, 0x08, 0x08, 0x08,
    0x08, 0x08, 0x08, 0x08, 0x08, 0x08, 0x08, 0x08, 0x08, 0x08, 0x08, 0x08, 0x0C, 0x0C, 0x08, 0x08,
    0x08, 0x08, 0x08, 0x08, 0x08, 0x08, 0x08, 0x08, 0x08, 0x08, 0x08, 0x08, 0x08, 0x08, 0x0F, 0x0C,
    0x0E, 0x0E, 0x0F, 0x0C, 0x08, 0x08, 0x08, 0x08, 0x08, 0x0B, 0x0B, 0x0C, 0x0C, 0x0C, 0x08, 0x08,
    0x08, 0x08, 0x0C, 0x08, 0x09, 0x09, 0x0C, 0x0C, 0x08, 0x08, 0x08, 0x08, 0x08, 0x0C, 0x0C, 0x0C,
    0x0A, 0x0A, 0x0C, 0x08, 0x08, 0x0C, 0x0E, 0x09, 0x09, 0x09, 0x09, 0x0E, 0x08, 0x08, 0x08, 0x0C,
    0x0C, 0x0C, 0x0A, 0x0A, 0x0A, 0x0A, 0x0C, 0x08, 0x08, 0x0C, 0x0E, 0x09, 0x09, 0x09, 0x09, 0x0E,
    0x08, 0x08, 0x08, 0x0C, 0x0A, 0x0A, 0x0A, 0x0A, 0x0C, 0x0C, 0x0C, 0x08, 0x0D, 0x0C, 0x0F, 0x0C,
    0x09, 0x09, 0x0F, 0x0C, 0x08, 0x08, 0x08, 0x0C, 0x0A, 0x0A, 0x0C, 0x0C, 0x0C, 0x08, 0x0C, 0x0D,
    0x0D, 0x0D, 0x0C, 0x0C, 0x0E, 0x0E, 0x0C, 0x0D, 0x0D, 0x0D, 0x0D, 0x0D, 0x0F, 0x0C, 0x0C, 0x08,
    0x08, 0x08, 0x0D, 0x0D, 0x08, 0x0D, 0x0C, 0x08, 0x08, 0x0C, 0x0D, 0x0D, 0x08, 0x08, 0x08, 0x08,
    0x0D, 0x0D, 0x0C, 0x08, 0x08, 0x0C, 0x0D, 0x08, 0x08, 0x0D, 0x0D, 0x08, 0x08, 0x0D, 0x08, 0x08,
    0x08, 0x08, 0x08, 0x08, 0x08, 0x08, 0x0D, 0x08, 0x08, 0x0D, 0x0D, 0x08, 0x08, 0x08, 0x0D, 0x0D,
    0x0D, 0x0D, 0x08, 0x08, 0x08, 0x08, 0x08, 0x08, 0x08, 0x08, 0x0D, 0x0D, 0x0D, 0x0D, 0x08, 0x08,
    0x08, 0x08, 0x08, 0x08, 0x08, 0x08, 0x08, 0x08, 0x08, 0x08, 0x08, 0x08, 0x08, 0x08, 0x08, 0x08,
    0x08, 0x08, 0x08, 0x08, 0x08, 0x08, 0x08, 0x08, 0x08, 0x08, 0x08, 0x08, 0x08, 0x08, 0x08, 0x08,
    0x08, 0x08, 0x08, 0x08, 0x08, 0x08, 0x08, 0x08, 0x08, 0x08, 0x08, 0x08, 0x08, 0x08, 0x08, 0x08,
    0x08, 0x08, 0x08, 0x08, 0x08, 0x08, 0x08, 0x08, 0x08, 0x08, 0x08, 0x08, 0x08, 0x08, 0x08, 0x08,
    0x08, 0x08, 0x08, 0x08, 0x08, 0x08, 0x08, 0x08, 0x00, 0x00, 0x00, 0x00, 0x00, 0x00, 0x00, 0x00,
    0x0D, 0x0E, 0x04, 0x05, 0x10, 0x11, 0x03, 0x04, 0x05, 0x06, 0x0E, 0x0F, 0x10, 0x11, 0x03, 0x04,
    0x05, 0x06, 0x0C, 0x0D, 0x0E, 0x0F, 0x04, 0x05, 0x0C, 0x0D, 0x05, 0x05, 0x06, 0x06, 0x06, 0x06,
    0x07, 0x07, 0x07, 0x07, 0x07, 0x07, 0x07, 0x07, 0x08, 0x08, 0x08, 0x08, 0x08, 0x08, 0x08, 0x08,
    0x09, 0x09, 0x09, 0x09, 0x01, 0x01, 0x01, 0x01, 0x01, 0x01, 0x01, 0x02, 0x02, 0x01, 0x01, 0x01,
    0x01, 0x01, 0x01, 0x02, 0x02, 0x01, 0x01, 0x01, 0x01, 0x01, 0x01, 0x01, 0x01, 0x01, 0x00, 0x01,
    0x02, 0x03, 0x04, 0x05, 0x06, 0x07, 0x09, 0x0B, 0x0C, 0x0D, 0x0E, 0x0F, 0x10, 0x11, 0x13, 0x15,
    0x16, 0x17, 0x18, 0x19, 0x1A, 0x1B, 0x1C, 0x1D, 0x04, 0x04, 0x00, 0x00, 0x07, 0x07, 0x02, 0x00,
    0x02, 0x00, 0x03, 0x03, 0x06, 0x06, 0x07, 0x07, 0x02, 0x01, 0x02, 0x01, 0x03, 0x03, 0x05, 0x05,
    0x06, 0x06, 0x01, 0x01, 0x05, 0x05, 0x00, 0x00, 0x02, 0x00, 0x04, 0x00, 0x06, 0x00, 0x08, 0x00,
    0x0A, 0x00, 0x0C, 0x00, 0x0E, 0x00, 0x12, 0x00, 0x16, 0x00, 0x18, 0x00, 0x1A, 0x00, 0x1C, 0x00,
    0x1E, 0x00, 0x20, 0x00, 0x22, 0x00, 0x26, 0x00, 0x2A, 0x00, 0x2C, 0x00, 0x2E, 0x00, 0x30, 0x00,
    0x32, 0x00, 0x34, 0x00, 0x36, 0x00, 0x38, 0x00, 0x3A, 0x00, 0x00, 0x01, 0x02, 0x03, 0x04, 0x05,
    0x06, 0x07, 0x08, 0x09, 0x0A, 0x0B, 0x0C, 0x0D, 0x0E, 0x0F, 0x10, 0x11, 0x12, 0x13, 0x14, 0x15,
    0x16, 0x17, 0x08, 0x09, 0x0A, 0x0B, 0x18, 0x19, 0x1A, 0x1B, 0x1C, 0x1D, 0x1E, 0x1F, 0x20, 0x21,
    0x22, 0x23, 0x24, 0x25, 0x26, 0x27, 0x08, 0x09, 0x0A, 0x0B, 0x18, 0x19, 0x1A, 0x1B, 0x28, 0x29,
    0x2A, 0x2B, 0x18, 0x19, 0x1A, 0x1B, 0x02, 0x03, 0x01, 0x00, 0x07, 0x09, 0x05, 0x04, 0x00, 0x04,
    0x08, 0x0C, 0x10, 0x12, 0x16, 0x1A, 0x1E, 0x02, 0x03, 0x07, 0x08, 0x0F, 0x10, 0x16, 0x17, 0x06,
    0x07, 0x0E, 0x0F, 0x08, 0x09, 0x10, 0x11, 0x00, 0x01, 0x12, 0x13, 0x18, 0x19, 0x0A, 0x0B, 0x14,
    0x15, 0x04, 0x05, 0x0C, 0x0D,
};

// k_art_n64: 4907 bytes
static const uint8_t __in_flash("padart") k_art_n64[4907] = {
    0x47, 0x41, 0x01, 0x01, 0x40, 0xDE, 0x08, 0x0E, 0x2D, 0x14, 0x12, 0x0C, 0x11, 0x02, 0x40, 0x00,
    0x20, 0x0E, 0x60, 0x0E, 0xC8, 0x0F, 0x30, 0x11, 0x5D, 0x11, 0x8A, 0x11, 0xB7, 0x11, 0xE4, 0x11,
    0x18, 0x12, 0x72, 0x12, 0xDA, 0x12, 0xE8, 0x12, 0xF7, 0x12, 0x2B, 0x13, 0x00, 0x00, 0x00, 0x00,
    0x00, 0x00, 0x00, 0x00, 0x00, 0x00, 0x00, 0x00, 0x00, 0x00, 0x00, 0x00, 0x00, 0x00, 0x00, 0x00,
    0x00, 0x00, 0x00, 0x00, 0x00, 0x00, 0x03, 0x03, 0x0E, 0x0F, 0x18, 0x1F, 0x23, 0x3F, 0x6F, 0x7E,
    0x00, 0x00, 0x00, 0x00, 0x00, 0x00, 0x03, 0x03, 0x0E, 0x0E, 0x18, 0x18, 0x23, 0x23, 0x6F, 0x6E,
    0x00, 0x00, 0x1F, 0x1F, 0xF8, 0xFF, 0xC1, 0xFF, 0x3F, 0xFF, 0xFF, 0xE0, 0xFF, 0x80, 0xFF, 0x00,
    0x00, 0x00, 0x1F, 0x1F, 0xF8, 0xF8, 0xC1, 0xC1, 0x3F, 0x3F, 0xFF, 0xE0, 0xFF, 0x80, 0xFF, 0x00,
    0x3F, 0x3F, 0xF0, 0xFF, 0x07, 0xFF, 0xFF, 0xFE, 0xFF, 0x00, 0xFF, 0x00, 0xFF, 0x00, 0xFF, 0x00,
    0x3F, 0x3F, 0xF0, 0xF0, 0x07, 0x07, 0xFF, 0xFE, 0xFF, 0x00, 0xFF, 0x00, 0xFF, 0x00, 0xFF, 0x00,
    0xC7, 0xF8, 0x0F, 0xF8, 0xFF, 0xF8, 0xFF, 0x00, 0xFF, 0x00, 0xFF, 0x00, 0xFF, 0x00, 0xFF, 0x00,
    0xC7, 0xC0, 0x0F, 0x08, 0xFF, 0xF8, 0xFF, 0x00, 0xFF, 0x00, 0xFF, 0x00, 0xFF, 0x00, 0xFF, 0x00,
    0xEF, 0x1F, 0xE0, 0x1F, 0xFF, 0x1F, 0xFF, 0x00, 0xFF, 0x00, 0xFF, 0x00, 0xFF, 0x00, 0xFF, 0x00,
    0xEF, 0x0F, 0xE0, 0x00, 0xFF, 0x1F, 0xFF, 0x00, 0xFF, 0x00, 0xFF, 0x00, 0xFF, 0x00, 0xFF, 0x00,
    0xF8, 0xF8, 0x3F, 0xFF, 0x80, 0xFF, 0xFF, 0xFF, 0xFF, 0x03, 0xFF, 0x00, 0xFF, 0x00, 0xFF, 0x00,
    0xF8, 0xF8, 0x3F, 0x3F, 0x80, 0x80, 0xFF, 0xFF, 0xFF, 0x03, 0xFF, 0x00, 0xFF, 0x00, 0xFF, 0x00,
    0x00, 0x00, 0xE0, 0xE0, 0x7E, 0xFE, 0x07, 0xFF, 0xF8, 0xFF, 0xFF, 0x0F, 0xFF, 0x03, 0xFF, 0x00,
    0x00, 0x00, 0xE0, 0xE0, 0x7E, 0x7E, 0x07, 0x07, 0xF8, 0xF8, 0xFF, 0x0F, 0xFF, 0x03, 0xFF, 0x00,
    0x00, 0x00, 0x00, 0x00, 0x00, 0x00, 0x80, 0x80, 0xE0, 0xE0, 0x38, 0xF8, 0xCC, 0xFC, 0xE4, 0x7C,
    0x00, 0x00, 0x00, 0x00, 0x00, 0x00, 0x80, 0x80, 0xE0, 0xE0, 0x38, 0x38, 0xCC, 0xCC, 0xE4, 0x64,
    0x6F, 0x78, 0x4F, 0x78, 0xDF, 0xB8, 0xFF, 0x30, 0xFF, 0x00, 0xFF, 0x00, 0xFF, 0x00, 0xFF, 0x00,
    0x6F, 0x68, 0x4F, 0x48, 0xDF, 0x98, 0xFF, 0x30, 0xFF, 0x00, 0xFF, 0x00, 0xFF, 0x00, 0xFF, 0x00,
    0xFF, 0x00, 0xFF, 0x00, 0xFF, 0x00, 0xFF, 0x00, 0xFF, 0x00, 0xFF, 0x3E, 0xE3, 0x67, 0xC1, 0x47,
    0xFF, 0x00, 0xFF, 0x00, 0xFF, 0x00, 0xFF, 0x00, 0xFF, 0x00, 0xC1, 0x3E, 0x80, 0x63, 0x80, 0x41,
    0xF4, 0x3C, 0xF2, 0x1E, 0xFB, 0x1D, 0xFF, 0x0C, 0xFF, 0x04, 0xFF, 0x00, 0xFF, 0x00, 0xFF, 0x00,
    0xF4, 0x34, 0xF2, 0x12, 0xFB, 0x19, 0xFF, 0x0C, 0xFF, 0x04, 0xFF, 0x00, 0xFF, 0x00, 0xFF, 0x00,
    0xFF, 0x00, 0xFF, 0x1F, 0xFF, 0x3F, 0xF0, 0x6F, 0xF0, 0x6F, 0xF0, 0x6F, 0xF0, 0x6F, 0xF0, 0x6F,
    0xFF, 0x00, 0xFF, 0x1F, 0xFF, 0x3F, 0xF0, 0x6F, 0xF0, 0x6D, 0xF0, 0x6C, 0xF0, 0x68, 0xF0, 0x60,
    0xFF, 0x00, 0xFF, 0xE0, 0xFF, 0xF0, 0x3F, 0xF0, 0x3F, 0xF0, 0x3F, 0xF0, 0x3F, 0xF0, 0x3F, 0xF0,
    0xFF, 0x00, 0xFF, 0xE0, 0xFF, 0xF0, 0x3F, 0xF0, 0x3F, 0xF0, 0x3F, 0xF0, 0x3F, 0xF0, 0x3F, 0x70,
    0xFF, 0x00, 0xFF, 0x00, 0xFF, 0x00, 0xFF, 0x00, 0xFF, 0x1E, 0xF3, 0x37, 0xE1, 0x63, 0xC0, 0x47,
    0xFF, 0x00, 0xFF, 0x00, 0xFF, 0x00, 0xFF, 0x00, 0xE1, 0x1E, 0xC0, 0x33, 0x80, 0x61, 0x80, 0x40,
    0xC1, 0x47, 0xC1, 0x7F, 0xC1, 0x7F, 0xFF, 0x3E, 0xFF, 0x1C, 0xFF, 0x00, 0xFF, 0x80, 0xFF, 0x80,
    0x80, 0x41, 0x80, 0x41, 0x80, 0x41, 0xC1, 0x3E, 0xE3, 0x1C, 0xFF, 0x00, 0xFF, 0x80, 0xFF, 0x80,
    0xC1, 0x47, 0xC1, 0x7F, 0xC1, 0x7F, 0xFF, 0x3E, 0xFF, 0x1C, 0xFF, 0x00, 0x7F, 0x80, 0x7F, 0x80,
    0x80, 0x41, 0x80, 0x41, 0x80, 0x41, 0xC1, 0x3E, 0xE3, 0x1C, 0xFF, 0x00, 0x7F, 0x80, 0x7F, 0x80,
    0xFF, 0x80, 0xFF, 0x00, 0xFF, 0x00, 0xFF, 0x00, 0xFF, 0x0C, 0xFF, 0x3F, 0xE1, 0x67, 0xC1, 0x47,
    0x7F, 0x80, 0xFF, 0x00, 0xFF, 0x00, 0xFF, 0x00, 0xFF, 0x0C, 0xFF, 0x3F, 0xE1, 0x67, 0xC1, 0x47,
    0xFF, 0x80, 0xFF, 0x00, 0xFF, 0x00, 0xFF, 0x00, 0xF3, 0x0C, 0xC0, 0x3F, 0x80, 0x61, 0x80, 0x41,
    0x7F, 0x80, 0xFF, 0x00, 0xFF, 0x00, 0xFF, 0x00, 0xF3, 0x0C, 0xC0, 0x3F, 0x80, 0x61, 0x80, 0x41,
    0xF8, 0x18, 0xF8, 0x08, 0xFC, 0x0C, 0xFC, 0x04, 0xFC, 0x04, 0xFE, 0x06, 0xFE, 0x02, 0x7E, 0x82,
    0xF8, 0x18, 0xF8, 0x08, 0xFC, 0x0C, 0xFC, 0x04, 0xFC, 0x04, 0xFE, 0x06, 0xFE, 0x02, 0xFE, 0x02,
    0xFF, 0x1F, 0xFF, 0x1F, 0xF8, 0x17, 0xF8, 0x17, 0xF8, 0x17, 0xF8, 0x17, 0xF8, 0x17, 0xF8, 0x17,
    0xFF, 0x1F, 0xFF, 0x1F, 0xF8, 0x17, 0xF8, 0x17, 0xF8, 0x14, 0xF8, 0x14, 0xF8, 0x16, 0xF8, 0x17,
    0xF0, 0xEF, 0xF0, 0xEF, 0x00, 0xFF, 0x00, 0xFF, 0x00, 0xFF, 0x00, 0xFF, 0x00, 0xFF, 0x00, 0xFF,
    0xF0, 0xE0, 0xF0, 0xEF, 0x00, 0xFF, 0x00, 0xFF, 0x00, 0xFF, 0x00, 0xFF, 0x00, 0xFF, 0x00, 0xFF,
    0xF0, 0xEF, 0xF0, 0xEF, 0x00, 0xFF, 0x00, 0x3F, 0x00, 0x3F, 0x00, 0x3F, 0x00, 0x3F, 0x00, 0xBF,
    0xF0, 0xE0, 0xF0, 0xEF, 0x00, 0xFF, 0x00, 0x3F, 0x00, 0x3F, 0x00, 0x3F, 0x00, 0x3F, 0x00, 0xBF,
    0x3F, 0xFF, 0x3F, 0xFF, 0x00, 0xFF, 0x00, 0xFF, 0x00, 0xFF, 0x00, 0xFF, 0x00, 0xFF, 0x00, 0xFF,
    0x3F, 0x7F, 0x3F, 0xFF, 0x00, 0xFF, 0x00, 0xFF, 0x00, 0xFF, 0x00, 0xFF, 0x00, 0xFF, 0x00, 0xFF,
    0x3F, 0xFF, 0x3F, 0xFF, 0x00, 0xEF, 0x00, 0xE7, 0x00, 0xE1, 0x00, 0xE1, 0x00, 0xE3, 0x00, 0xEF,
    0x3F, 0x7F, 0x3F, 0xFF, 0x00, 0xEF, 0x00, 0xE7, 0x00, 0xE1, 0x00, 0xE1, 0x00, 0xE3, 0x00, 0xEF,
    0x00, 0x00, 0x00, 0x00, 0x00, 0x00, 0x00, 0x00, 0x01, 0x01, 0x07, 0x06, 0x0F, 0x0C, 0x0F, 0x08,
    0x00, 0x00, 0x00, 0x00, 0x00, 0x00, 0x00, 0x00, 0x00, 0x01, 0x01, 0x06, 0x03, 0x0C, 0x07, 0x08,
    0x00, 0x00, 0x00, 0x00, 0x00, 0x00, 0x00, 0x00, 0xE0, 0xE0, 0xB0, 0x70, 0x98, 0x78, 0x88, 0x78,
    0x00, 0x00, 0x00, 0x00, 0x00, 0x00, 0x00, 0x00, 0x00, 0xE0, 0xC0, 0x30, 0xE0, 0x18, 0xF0, 0x08,
    0x00, 0x00, 0x00, 0x00, 0x00, 0x00, 0x01, 0x01, 0x03, 0x02, 0x07, 0x04, 0x07, 0x04, 0x0F, 0x0C,
    0x00, 0x00, 0x00, 0x00, 0x00, 0x00, 0x00, 0x01, 0x01, 0x02, 0x03, 0x04, 0x03, 0x04, 0x03, 0x0C,
    0x00, 0x00, 0x00, 0x00, 0x00, 0x00, 0xF0, 0xF0, 0xCC, 0x3C, 0xC4, 0x3C, 0xC6, 0x3E, 0xC6, 0x3E,
    0x00, 0x00, 0x00, 0x00, 0x00, 0x00, 0x00, 0xF0, 0xF0, 0x0C, 0xF8, 0x04, 0xF8, 0x06, 0xF8, 0x06,
    0xC0, 0x7F, 0xE1, 0x7F, 0xF3, 0x3F, 0xFF, 0x1E, 0xFF, 0x00, 0xFF, 0x00, 0xFF, 0x00, 0xFF, 0x00,
    0x80, 0x40, 0x80, 0x61, 0xC0, 0x33, 0xE1, 0x1E, 0xFF, 0x00, 0xFF, 0x00, 0xFF, 0x00, 0xFF, 0x00,
    0xFF, 0x80, 0xFF, 0x80, 0xFF, 0x00, 0xFF, 0x00, 0xFF, 0x3F, 0xE1, 0x27, 0xE1, 0x63, 0xC0, 0x47,
    0xFF, 0x80, 0xFF, 0x80, 0xFF, 0x00, 0xFF, 0x00, 0xC0, 0x3F, 0xC0, 0x21, 0x80, 0x61, 0x80, 0x40,
    0x7F, 0x80, 0x7F, 0x80, 0xFF, 0x00, 0xFF, 0x00, 0xFF, 0x3F, 0xE1, 0x27, 0xE1, 0x63, 0xC0, 0x47,
    0x7F, 0x80, 0x7F, 0x80, 0xFF, 0x00, 0xFF, 0x00, 0xC0, 0x3F, 0xC0, 0x21, 0x80, 0x61, 0x80, 0x40,
    0xC1, 0x47, 0xC1, 0x7F, 0xE3, 0x7F, 0xFF, 0x3E, 0xFF, 0x00, 0xFF, 0x00, 0xFF, 0x80, 0xFF, 0x80,
    0xC1, 0x47, 0xC1, 0x7F, 0xE3, 0x7F, 0xFF, 0x3E, 0xFF, 0x00, 0xFF, 0x00, 0x7F, 0x80, 0x7F, 0x80,
    0x80, 0x41, 0x80, 0x41, 0x80, 0x63, 0xC1, 0x3E, 0xFF, 0x00, 0xFF, 0x00, 0xFF, 0x80, 0xFF, 0x80,
    0x80, 0x41, 0x80, 0x41, 0x80, 0x63, 0xC1, 0x3E, 0xFF, 0x00, 0xFF, 0x00, 0x7F, 0x80, 0x7F, 0x80,
    0x7E, 0x82, 0x7E, 0x82, 0xFE, 0x02, 0xFF, 0x03, 0xFF, 0x03, 0xFF, 0x03, 0xFF, 0x03, 0xFF, 0x01,
    0xFE, 0x02, 0xFE, 0x02, 0xFE, 0x02, 0xFF, 0x03, 0xFF, 0x03, 0xFF, 0x03, 0xFF, 0x03, 0xFF, 0x01,
    0x00, 0xFF, 0xE0, 0xFF, 0xE0, 0x7F, 0xF0, 0x6F, 0xF0, 0x6F, 0xF0, 0x6F, 0xF0, 0x6F, 0xFF, 0x7F,
    0x00, 0xFF, 0xE0, 0xFF, 0xE0, 0x70, 0xF0, 0x68, 0xF0, 0x68, 0xF0, 0x6D, 0xF0, 0x6F, 0xFF, 0x7F,
    0x00, 0xFF, 0x3F, 0xFF, 0x3F, 0xF0, 0x3F, 0xF0, 0x3F, 0xF0, 0x3F, 0xF0, 0x3F, 0xF0, 0xFF, 0xF0,
    0x00, 0xFF, 0x3F, 0xFF, 0x3F, 0x70, 0x3F, 0xF0, 0x3F, 0xF0, 0x3F, 0xF0, 0x3F, 0xF0, 0xFF, 0xF0,
    0x0F, 0x08, 0x08, 0x0F, 0x0C, 0x0F, 0x04, 0x07, 0x07, 0x07, 0x00, 0x00, 0x00, 0x00, 0x00, 0x00,
    0x07, 0x08, 0x07, 0x08, 0x03, 0x0C, 0x03, 0x04, 0x00, 0x07, 0x00, 0x00, 0x00, 0x00, 0x00, 0x00,
    0x88, 0x78, 0x08, 0xF8, 0x08, 0xF8, 0x18, 0xF8, 0xF0, 0xF0, 0xC0, 0xC0, 0x00, 0x00, 0x00, 0x00,
    0xF0, 0x08, 0xF0, 0x08, 0xF0, 0x08, 0xE0, 0x18, 0x00, 0xF0, 0x00, 0xC0, 0x00, 0x00, 0x00, 0x00,
    0x0C, 0x0F, 0x04, 0x07, 0x06, 0x07, 0x03, 0x03, 0x01, 0x01, 0x00, 0x00, 0x00, 0x00, 0x00, 0x00,
    0x03, 0x0C, 0x03, 0x04, 0x01, 0x06, 0x00, 0x03, 0x00, 0x01, 0x00, 0x00, 0x00, 0x00, 0x00, 0x00,
    0x06, 0xFE, 0x04, 0xFC, 0x0C, 0xFC, 0x18, 0xF8, 0xF0, 0xF0, 0x01, 0x01, 0x03, 0x03, 0x02, 0x02,
    0xF8, 0x06, 0xF8, 0x04, 0xF0, 0x0C, 0xE0, 0x18, 0x00, 0xF0, 0x01, 0x01, 0x03, 0x03, 0x02, 0x02,
    0x06, 0xFE, 0x04, 0xFC, 0x0C, 0xFC, 0x18, 0xF8, 0xF0, 0xF0, 0x00, 0x01, 0x00, 0x03, 0x00, 0x02,
    0xF8, 0x06, 0xF8, 0x04, 0xF0, 0x0C, 0xE0, 0x18, 0x00, 0xF0, 0x00, 0x01, 0x00, 0x03, 0x00, 0x02,
    0x00, 0x00, 0x00, 0x00, 0x00, 0x00, 0x00, 0x00, 0x78, 0x78, 0xEE, 0xDE, 0xF2, 0x0E, 0xF1, 0x0F,
    0x00, 0x00, 0x00, 0x00, 0x00, 0x00, 0x00, 0x00, 0x00, 0x78, 0x30, 0xCE, 0xFC, 0x02, 0xFE, 0x01,
    0xC0, 0x7F, 0xE1, 0x7F, 0xFF, 0x3F, 0xFF, 0x0C, 0xFF, 0x00, 0xFF, 0x00, 0xFF, 0x00, 0xFF, 0x00,
    0x80, 0x40, 0x80, 0x61, 0xC0, 0x3F, 0xF3, 0x0C, 0xFF, 0x00, 0xFF, 0x00, 0xFF, 0x00, 0xFF, 0x00,
    0xFF, 0x80, 0xFF, 0x80, 0xFF, 0x00, 0xFF, 0x00, 0xFF, 0x00, 0xFF, 0x00, 0xFF, 0x00, 0xFF, 0x00,
    0x7F, 0x80, 0x7F, 0x80, 0xFF, 0x00, 0xFF, 0x00, 0xFF, 0x00, 0xFF, 0x00, 0xFF, 0x00, 0xFF, 0x00,
    0x03, 0x02, 0x02, 0x03, 0x02, 0x03, 0x03, 0x03, 0x01, 0x01, 0x00, 0x00, 0x00, 0x00, 0x00, 0x00,
    0x01, 0x02, 0x01, 0x02, 0x01, 0x02, 0x00, 0x03, 0x00, 0x01, 0x00, 0x00, 0x00, 0x00, 0x00, 0x00,
    0xF1, 0x0F, 0xE1, 0x1F, 0x01, 0xFF, 0x03, 0xFF, 0x06, 0xFE, 0xFC, 0xFC, 0x00, 0x00, 0x00, 0x00,
    0xFE, 0x01, 0xFE, 0x01, 0xFE, 0x01, 0xFC, 0x03, 0xF8, 0x06, 0x00, 0xFC, 0x00, 0x00, 0x00, 0x00,
    0x07, 0x07, 0x0F, 0x0F, 0x1E, 0x1D, 0x18, 0x1F, 0x38, 0x37, 0x30, 0x3F, 0x30, 0x3F, 0x33, 0x3C,
    0x07, 0x07, 0x0F, 0x0F, 0x1C, 0x1C, 0x18, 0x18, 0x30, 0x30, 0x30, 0x30, 0x30, 0x30, 0x33, 0x33,
    0xF8, 0xF8, 0x3C, 0xFC, 0x0E, 0xFE, 0x06, 0xFE, 0x03, 0xFF, 0x03, 0xFF, 0x03, 0xFF, 0xF3, 0x0F,
    0xF8, 0xF8, 0x3C, 0x3C, 0x0E, 0x0E, 0x06, 0x06, 0x03, 0x03, 0x03, 0x03, 0x03, 0x03, 0xF3, 0xF3,
    0x37, 0x38, 0x33, 0x3C, 0x30, 0x3F, 0x30, 0x3F, 0x31, 0x3E, 0x31, 0x3E, 0x33, 0x3C, 0x37, 0x38,
    0x37, 0x37, 0x33, 0x33, 0x30, 0x30, 0x30, 0x30, 0x31, 0x31, 0x33, 0x33, 0x37, 0x37, 0x37, 0x37,
    0xFB, 0x07, 0xF3, 0x0F, 0x63, 0x9F, 0xE3, 0x1F, 0xC3, 0x3F, 0x83, 0x7F, 0xF3, 0x0F, 0xFB, 0x07,
    0xFB, 0xFB, 0xFB, 0xFB, 0x73, 0x73, 0xE3, 0xE3, 0xC3, 0xC3, 0x83, 0x83, 0xF3, 0xF3, 0xFB, 0xFB,
    0x33, 0x3C, 0x30, 0x3F, 0x30, 0x3F, 0x30, 0x3F, 0x18, 0x1F, 0x1C, 0x1F, 0x0F, 0x0F, 0x07, 0x07,
    0x33, 0x33, 0x30, 0x30, 0x30, 0x30, 0x30, 0x30, 0x18, 0x18, 0x1C, 0x1C, 0x0F, 0x0F, 0x07, 0x07,
    0xF3, 0x0F, 0x03, 0xFF, 0x03, 0xFF, 0x03, 0xFF, 0x06, 0xFE, 0x0E, 0xFE, 0x3C, 0xFC, 0xF8, 0xF8,
    0xF3, 0xF3, 0x03, 0x03, 0x03, 0x03, 0x03, 0x03, 0x06, 0x06, 0x0E, 0x0E, 0x3C, 0x3C, 0xF8, 0xF8,
    0x00, 0x00, 0x00, 0x00, 0x00, 0x00, 0x00, 0x00, 0x00, 0x00, 0x00, 0x00, 0x00, 0x00, 0x00, 0x00,
    0x00, 0x00, 0x00, 0x00, 0x00, 0x00, 0x00, 0x00, 0x00, 0x00, 0x00, 0x00, 0x0F, 0x0F, 0xFF, 0xFC,
    0x00, 0x00, 0x00, 0x00, 0x00, 0x00, 0x00, 0x00, 0x00, 0x00, 0x01, 0x01, 0xFF, 0xFF, 0xFF, 0x00,
    0x00, 0x00, 0x00, 0x00, 0x00, 0x00, 0x00, 0x00, 0x00, 0x00, 0x00, 0x00, 0xFF, 0xFF, 0xFF, 0x00,
    0x00, 0x00, 0x00, 0x00, 0x00, 0x00, 0x00, 0x00, 0x00, 0x00, 0x00, 0x00, 0xF0, 0xF0, 0xFF, 0x3F,
    0x00, 0x00, 0x00, 0x00, 0x00, 0x00, 0x00, 0x00, 0x00, 0x00, 0x00, 0x00, 0x00, 0x00, 0x80, 0x80,
    0x00, 0x00, 0x00, 0x00, 0x01, 0x01, 0x01, 0x01, 0x03, 0x02, 0x03, 0x02, 0x07, 0x04, 0xFF, 0xFC,
    0x0F, 0x0F, 0x7F, 0x78, 0xFF, 0xC0, 0xFF, 0x00, 0xFF, 0x00, 0xFF, 0x00, 0xFF, 0x00, 0xFF, 0x00,
    0xC0, 0xC0, 0x00, 0x00, 0x00, 0x00, 0x00, 0x00, 0x00, 0x00, 0x00, 0x00, 0x00, 0x00, 0x00, 0x00,
    0x00, 0x00, 0x00, 0x00, 0x00, 0x00, 0x00, 0x00, 0x00, 0x00, 0x00, 0x00, 0x00, 0x00, 0x00, 0x00,
    0x01, 0x01, 0x00, 0x00, 0x00, 0x00, 0x00, 0x00, 0x00, 0x00, 0x00, 0x00, 0x00, 0x00, 0x00, 0x00,
    0xF8, 0xF8, 0xFE, 0x1E, 0xFF, 0x03, 0xFF, 0x00, 0xFF, 0x00, 0xFF, 0x00, 0xFF, 0x00, 0xFF, 0x00,
    0x00, 0x00, 0x00, 0x00, 0x80, 0x80, 0xC0, 0xC0, 0xC0, 0x40, 0xE0, 0x60, 0xE0, 0x20, 0xFE, 0x3E,
    0x00, 0x00, 0x00, 0x00, 0x00, 0x00, 0x01, 0x01, 0x03, 0x02, 0x07, 0x06, 0x0F, 0x0C, 0x0F, 0x08,
    0x00, 0x00, 0x00, 0x00, 0x00, 0x00, 0x80, 0x80, 0xC0, 0x40, 0xE0, 0x60, 0xF0, 0x30, 0xF0, 0x10,
    0x1F, 0x18, 0x1F, 0x10, 0x3F, 0x30, 0x3F, 0x30, 0x3F, 0x20, 0x7F, 0x60, 0x7F, 0x40, 0x7F, 0x40,
    0x7F, 0x40, 0x7F, 0x40, 0x7F, 0x40, 0x7F, 0x40, 0x7F, 0x40, 0x7F, 0x40, 0xFF, 0xC0, 0xFF, 0xC0,
    0xC0, 0xC0, 0xC0, 0xC0, 0x40, 0xC0, 0x40, 0xC0, 0x40, 0xC0, 0x40, 0xC0, 0x40, 0xC0, 0x40, 0xC0,
    0x00, 0x00, 0x00, 0x00, 0x00, 0x00, 0x00, 0x00, 0x00, 0x00, 0x01, 0x01, 0x01, 0x01, 0x01, 0x01,
    0xE0, 0xC0, 0xE0, 0x80, 0xE0, 0x80, 0xE0, 0x80, 0xE0, 0x80, 0xE0, 0x80, 0xE0, 0x80, 0xE0, 0x00,
    0x18, 0x1F, 0x1F, 0x1F, 0x00, 0x00, 0x00, 0x00, 0x00, 0x00, 0x00, 0x00, 0x00, 0x00, 0x00, 0x00,
    0xC0, 0xC0, 0xC0, 0xC0, 0x00, 0x00, 0x00, 0x00, 0x00, 0x00, 0x00, 0x00, 0x00, 0x00, 0x00, 0x00,
    0x07, 0x01, 0x07, 0x01, 0x07, 0x01, 0x07, 0x01, 0x07, 0x01, 0x07, 0x01, 0x03, 0x00, 0x03, 0x00,
    0x00, 0x00, 0x00, 0x00, 0x00, 0x00, 0x00, 0x00, 0x80, 0x80, 0x80, 0x80, 0x80, 0x80, 0x80, 0x80,
    0x01, 0x01, 0x01, 0x01, 0x03, 0x03, 0x03, 0x03, 0x03, 0x03, 0x03, 0x02, 0x03, 0x02, 0x03, 0x02,
    0xC0, 0x00, 0xC0, 0x00, 0xC0, 0x00, 0xC0, 0x00, 0xC0, 0x00, 0xC0, 0x00, 0xC0, 0x00, 0xC0, 0x00,
    0x3F, 0x3F, 0x00, 0x00, 0x00, 0x00, 0x00, 0x00, 0x00, 0x00, 0x00, 0x00, 0x00, 0x00, 0x00, 0x00,
    0xE0, 0xE0, 0x00, 0x00, 0x00, 0x00, 0x00, 0x00, 0x00, 0x00, 0x00, 0x00, 0x00, 0x00, 0x00, 0x00,
    0x00, 0x00, 0x00, 0x00, 0x00, 0x00, 0x00, 0x00, 0x00, 0x00, 0x00, 0x00, 0x00, 0x00, 0x00, 0x01,
    0x00, 0x00, 0x00, 0x00, 0x00, 0x00, 0x00, 0x00, 0x00, 0x00, 0x00, 0x1F, 0x00, 0x7F, 0x00, 0xFF,
    0x00, 0x00, 0x00, 0x00, 0x00, 0x00, 0x00, 0x00, 0x00, 0x00, 0x00, 0xF8, 0x00, 0xFE, 0x00, 0xFF,
    0x00, 0x00, 0x00, 0x00, 0x00, 0x00, 0x00, 0x00, 0x00, 0x00, 0x00, 0x00, 0x00, 0x00, 0x00, 0x80,
    0x03, 0x00, 0x03, 0x00, 0x03, 0x00, 0x03, 0x00, 0x03, 0x00, 0x03, 0x00, 0x03, 0x00, 0x03, 0x00,
    0x80, 0x80, 0xC0, 0xC0, 0xC0, 0xC0, 0xC0, 0xC0, 0xC0, 0x40, 0xC0, 0x40, 0xC0, 0x40, 0xC0, 0x40,
    0x03, 0x02, 0x03, 0x02, 0x03, 0x02, 0x03, 0x02, 0x03, 0x02, 0x03, 0x02, 0x03, 0x02, 0x03, 0x02,
    0xC0, 0x00, 0xC0, 0x00, 0xC0, 0x00, 0xC0, 0x00, 0xE0, 0x00, 0xE0, 0x00, 0xE0, 0x00, 0xE0, 0x00,
    0x00, 0x00, 0x00, 0x00, 0x00, 0x00, 0x00, 0x00, 0x01, 0x00, 0x03, 0x00, 0x07, 0x00, 0x0F, 0x00,
    0x00, 0x00, 0x00, 0x00, 0x00, 0x00, 0xFF, 0x00, 0xFF, 0x00, 0xFF, 0x00, 0xFF, 0x3F, 0xE0, 0x60,
    0x00, 0x00, 0x00, 0x00, 0x00, 0x00, 0xFF, 0x00, 0xFF, 0x00, 0xFF, 0x00, 0xFF, 0xFC, 0x0F, 0x0F,
    0x00, 0x00, 0x00, 0x00, 0x00, 0x00, 0x00, 0x00, 0xC0, 0x00, 0xF0, 0x00, 0xF8, 0x00, 0xFC, 0x00,
    0x00, 0x03, 0x00, 0x07, 0x00, 0x0F, 0x00, 0x0F, 0x00, 0x1F, 0x00, 0x1F, 0x00, 0x3F, 0x00, 0x3F,
    0x00, 0xFF, 0x00, 0xFF, 0x00, 0xFF, 0x0F, 0xFF, 0x1F, 0xFF, 0x3F, 0xFF, 0x78, 0xF8, 0xF7, 0xF0,
    0x00, 0xFF, 0x00, 0xFF, 0x00, 0xFF, 0xF0, 0xFF, 0xF8, 0xFF, 0xFC, 0xFF, 0x1E, 0x1F, 0xEF, 0x0F,
    0x00, 0xC0, 0x00, 0xE0, 0x00, 0xF0, 0x00, 0xF0, 0x00, 0xF8, 0x00, 0xF8, 0x00, 0xFC, 0x00, 0xFC,
    0x00, 0x00, 0x00, 0x00, 0x00, 0x00, 0x00, 0x00, 0x03, 0x00, 0x0F, 0x00, 0x1F, 0x00, 0x3F, 0x00,
    0x00, 0x00, 0x00, 0x00, 0x00, 0x00, 0xFF, 0x00, 0xFF, 0x00, 0xFF, 0x00, 0xFF, 0x3F, 0xF0, 0xF0,
    0x00, 0x00, 0x00, 0x00, 0x00, 0x00, 0xFF, 0x00, 0xFF, 0x00, 0xFF, 0x00, 0xFF, 0xFE, 0x03, 0x02,
    0x00, 0x00, 0x00, 0x00, 0x00, 0x00, 0x00, 0x00, 0xC0, 0x00, 0xC0, 0x00, 0xE0, 0x00, 0xF0, 0x00,
    0x03, 0x00, 0x03, 0x00, 0x03, 0x00, 0x03, 0x00, 0x03, 0x00, 0x03, 0x00, 0x07, 0x00, 0x07, 0x00,
    0xC0, 0x40, 0xC0, 0x40, 0xC0, 0x40, 0xE0, 0x60, 0xE0, 0x60, 0xE0, 0x60, 0xE0, 0x60, 0xE0, 0x60,
    0x07, 0x06, 0x07, 0x06, 0x07, 0x06, 0x07, 0x06, 0x07, 0x06, 0x07, 0x06, 0x03, 0x02, 0x02, 0x03,
    0xF8, 0x00, 0xFE, 0x00, 0xFF, 0x00, 0xFF, 0x00, 0xFF, 0x00, 0xFF, 0x00, 0xFF, 0x00, 0xFF, 0x00,
    0x00, 0x00, 0x00, 0x00, 0x80, 0x00, 0xE0, 0x00, 0xF8, 0x00, 0xFF, 0x00, 0xFF, 0x00, 0xFF, 0x00,
    0x0F, 0x00, 0x0F, 0x00, 0x1F, 0x01, 0x1F, 0x01, 0x3F, 0x01, 0xFF, 0x01, 0xFF, 0x03, 0xFF, 0x03,
    0xC0, 0xC0, 0x80, 0x80, 0x80, 0x80, 0x80, 0x80, 0x00, 0x00, 0x00, 0x00, 0x00, 0x00, 0x00, 0x00,
    0xFF, 0xC0, 0x7F, 0x60, 0x3F, 0x30, 0x1F, 0x18, 0x0F, 0x08, 0x0F, 0x0C, 0x07, 0x04, 0x07, 0x04,
    0x00, 0x3F, 0x00, 0x3F, 0x80, 0x3F, 0x80, 0x3F, 0xC0, 0x3F, 0xC0, 0x3F, 0xC0, 0x3F, 0xC0, 0x3F,
    0xEC, 0xE0, 0xE8, 0xE0, 0xE9, 0xE0, 0xE9, 0xE0, 0xE8, 0xE0, 0xF4, 0xF0, 0x7B, 0xF8, 0x7C, 0xFC,
    0x37, 0x07, 0x17, 0x07, 0x97, 0x07, 0x97, 0x07, 0x17, 0x07, 0x2F, 0x0F, 0xDE, 0x1F, 0x3E, 0x3F,
    0x00, 0xFC, 0x00, 0xFC, 0x00, 0xFC, 0x01, 0xFC, 0x01, 0xFC, 0x03, 0xFC, 0x03, 0xFC, 0x03, 0xFC,
    0xFF, 0x03, 0xFE, 0x02, 0xFC, 0x04, 0xF8, 0x08, 0xF8, 0x18, 0xF0, 0x10, 0xF0, 0x10, 0xF0, 0x10,
    0x80, 0x80, 0x00, 0x00, 0x00, 0x00, 0x00, 0x00, 0x00, 0x00, 0x00, 0x00, 0x00, 0x00, 0x00, 0x00,
    0x03, 0x03, 0x01, 0x01, 0x01, 0x01, 0x01, 0x01, 0x00, 0x00, 0x00, 0x00, 0x00, 0x00, 0x00, 0x00,
    0xF0, 0x00, 0xF0, 0x00, 0xF8, 0x00, 0xF8, 0x80, 0xF8, 0x80, 0xFF, 0x80, 0xFF, 0x80, 0xFF, 0xC0,
    0x00, 0x00, 0x00, 0x00, 0x01, 0x00, 0x07, 0x00, 0x1F, 0x00, 0xFF, 0x00, 0xFF, 0x00, 0xFF, 0x00,
    0x1F, 0x00, 0x7F, 0x00, 0xFF, 0x00, 0xFF, 0x00, 0xFF, 0x00, 0xFF, 0x00, 0xFF, 0x00, 0xFF, 0x00,
    0xE0, 0x60, 0xE0, 0x60, 0xC0, 0x40, 0xC0, 0x40, 0xC0, 0x40, 0xC0, 0x40, 0xC0, 0x40, 0x40, 0xC0,
    0x03, 0x02, 0x03, 0x02, 0x03, 0x02, 0x03, 0x02, 0x03, 0x02, 0x03, 0x03, 0x03, 0x03, 0x03, 0x03,
    0xFF, 0x00, 0xFF, 0x00, 0xFF, 0x00, 0xFF, 0x00, 0xFF, 0x00, 0x7F, 0x80, 0x7F, 0x80, 0x7F, 0x80,
    0xFF, 0x00, 0xFF, 0x00, 0xFF, 0x00, 0xFF, 0x00, 0xFF, 0x00, 0xFF, 0x00, 0xFF, 0x00, 0xFF, 0x00,
    0xFE, 0x02, 0xFE, 0x02, 0xFE, 0x06, 0xFE, 0x06, 0xFC, 0x04, 0xF4, 0x0C, 0xEC, 0x1C, 0xEC, 0x1C,
    0x07, 0x04, 0x07, 0x04, 0x07, 0x06, 0x07, 0x06, 0x03, 0x02, 0x03, 0x02, 0x02, 0x03, 0x03, 0x03,
    0xE0, 0x1F, 0xE0, 0x1F, 0xF0, 0x0F, 0xF8, 0x07, 0xF8, 0x07, 0xFC, 0x03, 0xFF, 0x00, 0xFF, 0x00,
    0x3F, 0xFF, 0x1F, 0xFF, 0x07, 0xFF, 0x00, 0xFF, 0x00, 0xFF, 0x00, 0xFF, 0x00, 0xFF, 0x80, 0x7F,
    0xFC, 0xFF, 0xF8, 0xFF, 0xE0, 0xFF, 0x00, 0xFF, 0x00, 0xFF, 0x00, 0xFF, 0x00, 0xFF, 0x01, 0xFE,
    0x07, 0xF8, 0x07, 0xF8, 0x0F, 0xF0, 0x1F, 0xE0, 0x1F, 0xE0, 0x3F, 0xC0, 0xFF, 0x00, 0xFF, 0x00,
    0xF0, 0x30, 0xF0, 0x30, 0xE0, 0x20, 0xE0, 0x20, 0xE0, 0x20, 0xE0, 0x20, 0xE0, 0x60, 0xE0, 0x60,
    0x7F, 0x40, 0x7F, 0x40, 0x7F, 0x40, 0x7F, 0x60, 0x7F, 0x60, 0x2F, 0x30, 0x2F, 0x30, 0x37, 0x38,
    0xFF, 0x00, 0xFF, 0x00, 0xFF, 0x00, 0xFF, 0x00, 0xFF, 0x00, 0xFE, 0x01, 0xFE, 0x01, 0xFE, 0x01,
    0xC0, 0x40, 0xC0, 0x40, 0xC0, 0x40, 0xC0, 0x40, 0xC0, 0x40, 0xC0, 0xC0, 0xC0, 0xC0, 0x80, 0x80,
    0x03, 0x03, 0x01, 0x01, 0x01, 0x01, 0x01, 0x01, 0x01, 0x01, 0x01, 0x01, 0x00, 0x00, 0x00, 0x00,
    0x7F, 0x80, 0x3F, 0xC0, 0x3F, 0xC0, 0x3F, 0xC0, 0xBF, 0xC0, 0x9F, 0xE0, 0x9F, 0xE0, 0x9F, 0xE0,
    0xFF, 0x00, 0xFF, 0x00, 0xFF, 0x00, 0xFF, 0x00, 0xFF, 0x00, 0xFF, 0x00, 0xFF, 0x00, 0xFE, 0x01,
    0xC8, 0x38, 0xC8, 0x38, 0x98, 0x78, 0x90, 0x70, 0x90, 0x70, 0x30, 0xF0, 0x20, 0xE0, 0x60, 0xE0,
    0x03, 0x03, 0x01, 0x01, 0x01, 0x01, 0x01, 0x01, 0x01, 0x01, 0x01, 0x01, 0x01, 0x01, 0x00, 0x00,
    0xFF, 0x00, 0xFF, 0x00, 0x7F, 0x80, 0x7F, 0x80, 0x7F, 0x80, 0xBF, 0xC0, 0xBF, 0xC0, 0xBF, 0xC0,
    0xF0, 0x0F, 0xFF, 0x00, 0xFF, 0x00, 0xFF, 0x00, 0xFF, 0x00, 0xFF, 0x00, 0xFF, 0x00, 0xFF, 0x00,
    0x0F, 0xF0, 0xFF, 0x00, 0xFF, 0x00, 0xFF, 0x00, 0xFF, 0x00, 0xFF, 0x00, 0xFF, 0x00, 0xFF, 0x00,
    0xFF, 0x00, 0xFF, 0x00, 0xFF, 0x00, 0xFF, 0x00, 0xFE, 0x01, 0xFE, 0x01, 0xFE, 0x01, 0xFC, 0x03,
    0xC0, 0x40, 0x40, 0xC0, 0x40, 0xC0, 0xC0, 0xC0, 0xC0, 0xC0, 0x80, 0x80, 0x80, 0x80, 0x80, 0x80,
    0x37, 0x38, 0x13, 0x1C, 0x13, 0x1C, 0x19, 0x1E, 0x09, 0x0E, 0x0C, 0x0F, 0x0C, 0x0F, 0x04, 0x07,
    0xFF, 0x00, 0xFF, 0x00, 0xFF, 0x00, 0xFF, 0x00, 0xFF, 0x00, 0xFF, 0x00, 0xFF, 0x00, 0x7F, 0x80,
    0xFC, 0x03, 0xFC, 0x03, 0xFD, 0x03, 0xF9, 0x07, 0xF9, 0x07, 0xF9, 0x07, 0xF1, 0x0F, 0xF3, 0x0F,
    0x80, 0x80, 0x80, 0x80, 0x80, 0x80, 0x80, 0x80, 0x00, 0x00, 0x00, 0x00, 0x00, 0x00, 0x00, 0x00,
    0x8F, 0xF0, 0xCF, 0xF0, 0xCF, 0xF0, 0x47, 0x78, 0x47, 0x78, 0x63, 0x7C, 0x21, 0x3E, 0x20, 0x3F,
    0xFE, 0x01, 0xFC, 0x03, 0xFC, 0x03, 0xF8, 0x07, 0xF8, 0x07, 0xF1, 0x0F, 0xE1, 0x1F, 0xC3, 0x3F,
    0xE0, 0x60, 0xC0, 0x40, 0xC0, 0xC0, 0x80, 0x80, 0x80, 0x80, 0x80, 0x80, 0x00, 0x00, 0x00, 0x00,
    0x9F, 0xE0, 0x9F, 0xE0, 0x8F, 0xF0, 0xCF, 0xF0, 0xCF, 0xF0, 0x47, 0x78, 0x47, 0x78, 0x47, 0x78,
    0xFC, 0x03, 0xF9, 0x07, 0xF9, 0x07, 0xF9, 0x07, 0xF1, 0x0F, 0xF1, 0x0F, 0xF3, 0x0F, 0xE3, 0x1F,
    0x80, 0x80, 0x80, 0x80, 0x80, 0x80, 0x00, 0x00, 0x00, 0x00, 0x00, 0x00, 0x00, 0x00, 0x00, 0x00,
    0x07, 0x06, 0x07, 0x06, 0x03, 0x02, 0x03, 0x03, 0x01, 0x01, 0x01, 0x01, 0x01, 0x01, 0x00, 0x00,
    0x7F, 0x80, 0x3F, 0xC0, 0x3F, 0xC0, 0x3F, 0xC0, 0x1F, 0xE0, 0x1F, 0xE0, 0x8F, 0xF0, 0x80, 0xFF,
    0xF3, 0x0F, 0xE2, 0x1E, 0xE2, 0x1E, 0xE6, 0x1E, 0xC6, 0x3E, 0x84, 0x7C, 0x08, 0xF8, 0x18, 0xF8,
    0x1F, 0x10, 0x0F, 0x0C, 0x07, 0x07, 0x01, 0x01, 0x00, 0x00, 0x00, 0x00, 0x00, 0x00, 0x00, 0x00,
    0xFE, 0x02, 0xFC, 0x04, 0xFC, 0xFC, 0xE0, 0xE0, 0x00, 0x00, 0x00, 0x00, 0x00, 0x00, 0x00, 0x00,
    0x67, 0x78, 0x63, 0x7C, 0x23, 0x3C, 0x23, 0x3C, 0x23, 0x3C, 0x23, 0x3C, 0x31, 0x3E, 0x31, 0x3E,
    0xE2, 0x1E, 0xE2, 0x1E, 0xE2, 0x1E, 0xE2, 0x1E, 0xE6, 0x1E, 0xC6, 0x3E, 0xC4, 0x3C, 0xC4, 0x3C,
    0xFF, 0xC0, 0x7F, 0x60, 0x1F, 0x1F, 0x00, 0x00, 0x00, 0x00, 0x00, 0x00, 0x00, 0x00, 0x00, 0x00,
    0xF0, 0x30, 0xE0, 0xE0, 0xC0, 0xC0, 0x00, 0x00, 0x00, 0x00, 0x00, 0x00, 0x00, 0x00, 0x00, 0x00,
    0x11, 0x1E, 0x11, 0x1E, 0x19, 0x1E, 0x18, 0x1F, 0x08, 0x0F, 0x08, 0x0F, 0x0C, 0x0F, 0x04, 0x07,
    0xFF, 0x00, 0xFF, 0x00, 0xFF, 0x00, 0xFF, 0x00, 0xFF, 0x00, 0xFF, 0x00, 0x7F, 0x80, 0x7F, 0x80,
    0x8C, 0x7C, 0x8C, 0x7C, 0x88, 0x78, 0x88, 0x78, 0x18, 0xF8, 0x10, 0xF0, 0x10, 0xF0, 0x30, 0xF0,
    0x07, 0x04, 0x07, 0x06, 0x07, 0x06, 0x03, 0x02, 0x03, 0x03, 0x01, 0x01, 0x01, 0x01, 0x00, 0x00,
    0x7F, 0x80, 0x3F, 0xC0, 0x3F, 0xC0, 0x3F, 0xC0, 0x1F, 0xE0, 0x1F, 0xE0, 0x0F, 0xF0, 0x8F, 0xF0,
    0xFE, 0x01, 0xFE, 0x01, 0xFC, 0x03, 0xFC, 0x03, 0xF8, 0x07, 0xF8, 0x07, 0xF0, 0x0F, 0xF1, 0x0F,
    0xF0, 0x30, 0xE0, 0x20, 0xE0, 0x60, 0xC0, 0x40, 0xC0, 0x40, 0x80, 0x80, 0x80, 0x80, 0x00, 0x00,
    0x87, 0xF8, 0x43, 0x7C, 0x60, 0x7F, 0x20, 0x3F, 0x18, 0x1F, 0x0F, 0x0F, 0x01, 0x01, 0x00, 0x00,
    0xE1, 0x1F, 0xC2, 0x3E, 0x02, 0xFE, 0x04, 0xFC, 0x18, 0xF8, 0xF0, 0xF0, 0xC0, 0xC0, 0x00, 0x00,
    0xFF, 0x7F, 0xEF, 0x41, 0x4A, 0x2D, 0x42, 0x0C, 0x18, 0x67, 0xF2, 0x7E, 0x45, 0x69, 0xA2, 0x40,
    0x18, 0x67, 0x8F, 0x53, 0x43, 0x26, 0x41, 0x15, 0xDF, 0x4B, 0x18, 0x67, 0x1B, 0x1B, 0xB0, 0x09,
    0x18, 0x67, 0x1F, 0x3A, 0xD8, 0x14, 0x4D, 0x08, 0x18, 0x67, 0x73, 0x52, 0x4A, 0x2D, 0x42, 0x0C,
    0xFF, 0x7F, 0x18, 0x67, 0x4A, 0x2D, 0x42, 0x0C, 0xFF, 0x7F, 0x73, 0x52, 0xEF, 0x41, 0x42, 0x0C,
    0x68, 0x68, 0x68, 0x68, 0x68, 0x68, 0x68, 0x68, 0x69, 0x6A, 0x6B, 0x6C, 0x6D, 0x68, 0x68, 0x68,
    0x68, 0x68, 0x68, 0x68, 0x68, 0x68, 0x68, 0x68, 0x68, 0x68, 0x6E, 0x6F, 0x70, 0x71, 0x71, 0x72,
    0x73, 0x74, 0x68, 0x68, 0x68, 0x68, 0x68, 0x68, 0x68, 0x68, 0x68, 0x00, 0x02, 0x04, 0x06, 0x71,
    0x71, 0x71, 0x71, 0x71, 0x71, 0x08, 0x0A, 0x0C, 0x0E, 0x68, 0x68, 0x68, 0x68, 0x68, 0x75, 0x10,
    0x71, 0x71, 0x71, 0x71, 0x71, 0x71, 0x71, 0x71, 0x71, 0x71, 0x71, 0x12, 0x14, 0x76, 0x68, 0x68,
    0x68, 0x68, 0x77, 0x71, 0x16, 0x18, 0x71, 0x71, 0x71, 0x71, 0x71, 0x71, 0x71, 0x71, 0x1A, 0x1C,
    0x20, 0x24, 0x68, 0x68, 0x68, 0x68, 0x78, 0x26, 0x28, 0x2C, 0x79, 0x71, 0x71, 0x30, 0x32, 0x71,
    0x34, 0x36, 0x38, 0x3A, 0x3E, 0x42, 0x68, 0x68, 0x68, 0x7A, 0x7B, 0x7C, 0x44, 0x46, 0x7D, 0x71,
    0x71, 0x48, 0x4A, 0x71, 0x4C, 0x4E, 0x52, 0x54, 0x56, 0x7E, 0x7F, 0x68, 0x68, 0x80, 0x81, 0x71,
    0x82, 0x83, 0x71, 0x71, 0x84, 0x85, 0x86, 0x87, 0x71, 0x58, 0x5A, 0x71, 0x71, 0x88, 0x89, 0x68,
    0x68, 0x8A, 0x8B, 0x71, 0x8C, 0x8D, 0x8E, 0x8F, 0x90, 0x91, 0x92, 0x93, 0x94, 0x95, 0x96, 0x97,
    0x71, 0x98, 0x99, 0x68, 0x68, 0x9A, 0x9B, 0x9C, 0x9D, 0x9E, 0x68, 0x9F, 0xA0, 0xA1, 0xA2, 0xA3,
    0xA4, 0xA5, 0xA6, 0xA7, 0xA8, 0xA9, 0xAA, 0x68, 0x68, 0xAB, 0xAC, 0xAD, 0xAE, 0x68, 0x68, 0xAF,
    0xB0, 0xB1, 0xB2, 0xB3, 0xB4, 0x68, 0x68, 0xB5, 0xAD, 0xB6, 0xB7, 0x68, 0x68, 0xB8, 0xB9, 0xBA,
    0xBB, 0x68, 0x68, 0xBC, 0xBD, 0xBE, 0xBF, 0xC0, 0xC1, 0x68, 0x68, 0xC2, 0xC3, 0xC4, 0xC5, 0x68,
    0x68, 0x68, 0xC6, 0xC7, 0xC8, 0x68, 0x68, 0x68, 0xC9, 0xAD, 0xAD, 0xCA, 0xCB, 0x68, 0x68, 0xCC,
    0xCD, 0xCE, 0x68, 0x68, 0x68, 0x68, 0xCF, 0xD0, 0x68, 0x68, 0x68, 0x68, 0xD1, 0xAD, 0xAD, 0xD2,
    0x68, 0x68, 0x68, 0x68, 0xD3, 0xD4, 0x68, 0x68, 0x68, 0x5C, 0x5E, 0x68, 0x68, 0x68, 0x68, 0x68,
    0xD5, 0xD6, 0xBA, 0xD7, 0x68, 0x68, 0x68, 0x68, 0x68, 0x68, 0x68, 0x68, 0x68, 0x60, 0x62, 0x68,
    0x68, 0x68, 0x68, 0x68, 0xD8, 0xD9, 0xDA, 0xDB, 0x68, 0x68, 0x68, 0x68, 0x68, 0x68, 0x68, 0x68,
    0x68, 0x64, 0x66, 0x68, 0x68, 0x68, 0x68, 0x68, 0x68, 0xDC, 0xDD, 0x68, 0x68, 0x68, 0x68, 0x68,
    0x68, 0x68, 0x68, 0x68, 0x68, 0x68, 0x68, 0x68, 0x68, 0x68, 0x68, 0x68, 0x68, 0x68, 0x68, 0x68,
    0x00, 0x00, 0x00, 0x00, 0x00, 0x00, 0x00, 0x00, 0x08, 0x08, 0x08, 0x08, 0x08, 0x08, 0x08, 0x08,
    0x0E, 0x0E, 0x0E, 0x0E, 0x08, 0x08, 0x08, 0x08, 0x08, 0x08, 0x08, 0x08, 0x08, 0x08, 0x08, 0x08,
    0x08, 0x08, 0x0E, 0x0E, 0x0D, 0x09, 0x09, 0x0D, 0x0E, 0x0E, 0x08, 0x08, 0x08, 0x08, 0x08, 0x08,
    0x08, 0x08, 0x08, 0x0E, 0x0E, 0x0E, 0x0E, 0x09, 0x09, 0x09, 0x09, 0x09, 0x09, 0x0E, 0x0E, 0x0E,
    0x0E, 0x08, 0x08, 0x08, 0x08, 0x08, 0x0E, 0x0E, 0x09, 0x09, 0x09, 0x09, 0x09, 0x09, 0x09, 0x09,
    0x09, 0x09, 0x09, 0x0B, 0x0E, 0x0E, 0x08, 0x08, 0x08, 0x08, 0x0E, 0x09, 0x0E, 0x0E, 0x09, 0x09,
    0x09, 0x09, 0x09, 0x09, 0x09, 0x09, 0x0B, 0x0B, 0x0B, 0x0E, 0x08, 0x08, 0x08, 0x08, 0x0E, 0x0E,
    0x0E, 0x08, 0x0D, 0x09, 0x09, 0x0C, 0x0C, 0x09, 0x0A, 0x0A, 0x0B, 0x0B, 0x0B, 0x0E, 0x08, 0x08,
    0x08, 0x08, 0x0D, 0x0D, 0x0E, 0x0E, 0x0D, 0x09, 0x09, 0x0C, 0x0C, 0x09, 0x0A, 0x0A, 0x09, 0x0B,
    0x0B, 0x0D, 0x08, 0x08, 0x08, 0x0F, 0x0D, 0x09, 0x0D, 0x0D, 0x09, 0x09, 0x0D, 0x0D, 0x0D, 0x0D,
    0x09, 0x09, 0x09, 0x09, 0x09, 0x0D, 0x0F, 0x08, 0x08, 0x0F, 0x0D, 0x09, 0x0D, 0x0D, 0x0D, 0x0D,
    0x0D, 0x0D, 0x0D, 0x0D, 0x0D, 0x0D, 0x0D, 0x0D, 0x09, 0x0D, 0x0F, 0x08, 0x08, 0x0F, 0x0D, 0x0D,
    0x0D, 0x08, 0x08, 0x0F, 0x0D, 0x0D, 0x0D, 0x0D, 0x0F, 0x08, 0x08, 0x0D, 0x0D, 0x0D, 0x0F, 0x08,
    0x08, 0x08, 0x0F, 0x0D, 0x0F, 0x08, 0x08, 0x0F, 0x0D, 0x0D, 0x0D, 0x0D, 0x0F, 0x08, 0x08, 0x0F,
    0x0D, 0x0F, 0x08, 0x08, 0x08, 0x08, 0x0F, 0x0F, 0x0F, 0x08, 0x08, 0x08, 0x0F, 0x0D, 0x0D, 0x0F,
    0x0F, 0x08, 0x08, 0x0F, 0x0F, 0x0F, 0x08, 0x08, 0x08, 0x08, 0x0F, 0x0F, 0x08, 0x08, 0x08, 0x08,
    0x0F, 0x0D, 0x0D, 0x0F, 0x08, 0x08, 0x08, 0x08, 0x0F, 0x0F, 0x08, 0x08, 0x08, 0x08, 0x08, 0x08,
    0x08, 0x08, 0x08, 0x08, 0x0F, 0x0D, 0x0D, 0x0F, 0x08, 0x08, 0x08, 0x08, 0x08, 0x08, 0x08, 0x08,
    0x08, 0x0E, 0x0E, 0x08, 0x08, 0x08, 0x08, 0x08, 0x0F, 0x0F, 0x0F, 0x0F, 0x08, 0x08, 0x08, 0x08,
    0x08, 0x08, 0x08, 0x08, 0x08, 0x0E, 0x0E, 0x08, 0x08, 0x08, 0x08, 0x08, 0x08, 0x0F, 0x0F, 0x08,
    0x08, 0x08, 0x08, 0x08, 0x08, 0x08, 0x08, 0x08, 0x08, 0x0E, 0x0E, 0x08, 0x08, 0x08, 0x08, 0x08,
    0x08, 0x0F, 0x0F, 0x08, 0x08, 0x08, 0x08, 0x08, 0x08, 0x08, 0x08, 0x08, 0x08, 0x08, 0x08, 0x08,
    0x08, 0x08, 0x08, 0x08, 0x08, 0x08, 0x08, 0x08, 0x00, 0x00, 0x00, 0x00, 0x00, 0x00, 0x00, 0x00,
    0x03, 0x04, 0x05, 0x06, 0x0D, 0x0E, 0x0F, 0x10, 0x03, 0x0F, 0x10, 0x04, 0x05, 0x0E, 0x0F, 0x10,
    0x11, 0x03, 0x04, 0x05, 0x09, 0x0A, 0x0C, 0x0D, 0x0E, 0x0F, 0x10, 0x11, 0x04, 0x05, 0x09, 0x0A,
    0x0C, 0x0D, 0x0E, 0x0F, 0x10, 0x0D, 0x0E, 0x01, 0x02, 0x01, 0x02, 0x01, 0x02, 0x02, 0x02, 0x02,
    0x02, 0x02, 0x02, 0x02, 0x02, 0x03, 0x03, 0x03, 0x04, 0x04, 0x04, 0x04, 0x04, 0x04, 0x05, 0x05,
    0x05, 0x05, 0x05, 0x05, 0x05, 0x05, 0x05, 0x05, 0x05, 0x06, 0x06, 0x06, 0x06, 0x06, 0x06, 0x06,
    0x06, 0x06, 0x07, 0x07, 0x0E, 0x0E, 0x0F, 0x0F, 0x10, 0x10, 0x01, 0x01, 0x01, 0x01, 0x01, 0x01,
    0x01, 0x01, 0x01, 0x01, 0x01, 0x01, 0x01, 0x01, 0x02, 0x02, 0x01, 0x01, 0x02, 0x02, 0x01, 0x01,
    0x01, 0x01, 0x01, 0x02, 0x02, 0x01, 0x01, 0x01, 0x01, 0x01, 0x01, 0x02, 0x01, 0x01, 0x01, 0x01,
    0x01, 0x01, 0x01, 0x01, 0x01, 0x01, 0x01, 0x00, 0x01, 0x02, 0x03, 0x04, 0x05, 0x06, 0x07, 0x08,
    0x09, 0x0A, 0x0B, 0x0C, 0x0D, 0x0E, 0x10, 0x12, 0x13, 0x14, 0x16, 0x18, 0x19, 0x1A, 0x1B, 0x1C,
    0x1D, 0x1F, 0x21, 0x22, 0x23, 0x24, 0x25, 0x26, 0x27, 0x29, 0x2A, 0x2B, 0x2C, 0x2D, 0x2E, 0x2F,
    0x30, 0x31, 0x32, 0x33, 0x00, 0x00, 0x00, 0x00, 0x01, 0x01, 0x01, 0x01, 0x00, 0x09, 0x01, 0x02,
    0x02, 0x0B, 0x09, 0x0B, 0x09, 0x0C, 0x0C, 0x04, 0x02, 0x04, 0x02, 0x05, 0x06, 0x06, 0x07, 0x07,
    0x0B, 0x0A, 0x0B, 0x0A, 0x0C, 0x0C, 0x03, 0x03, 0x06, 0x06, 0x07, 0x07, 0x08, 0x08, 0x0A, 0x0A,
    0x08, 0x08, 0x0D, 0x0D, 0x0D, 0x0D, 0x0D, 0x0D, 0x00, 0x00, 0x02, 0x00, 0x04, 0x00, 0x06, 0x00,
    0x08, 0x00, 0x0A, 0x00, 0x0C, 0x00, 0x0E, 0x00, 0x10, 0x00, 0x12, 0x00, 0x14, 0x00, 0x16, 0x00,
    0x18, 0x00, 0x1A, 0x00, 0x1C, 0x00, 0x20, 0x00, 0x24, 0x00, 0x26, 0x00, 0x28, 0x00, 0x2C, 0x00,
    0x30, 0x00, 0x32, 0x00, 0x34, 0x00, 0x36, 0x00, 0x38, 0x00, 0x3A, 0x00, 0x3E, 0x00, 0x42, 0x00,
    0x44, 0x00, 0x46, 0x00, 0x48, 0x00, 0x4A, 0x00, 0x4C, 0x00, 0x4E, 0x00, 0x52, 0x00, 0x54, 0x00,
    0x56, 0x00, 0x58, 0x00, 0x5A, 0x00, 0x5C, 0x00, 0x5E, 0x00, 0x60, 0x00, 0x62, 0x00, 0x64, 0x00,
    0x66, 0x00, 0x00, 0x01, 0x02, 0x03, 0x04, 0x05, 0x06, 0x07, 0x08, 0x09, 0x0A, 0x0B, 0x0C, 0x0D,
    0x0E, 0x0F, 0x10, 0x11, 0x12, 0x13, 0x14, 0x15, 0x16, 0x17, 0x18, 0x19, 0x1A, 0x1B, 0x1C, 0x1D,
    0x1E, 0x1F, 0x20, 0x21, 0x22, 0x23, 0x24, 0x25, 0x26, 0x27, 0x28, 0x29, 0x2A, 0x2B, 0x2C, 0x2D,
    0x2E, 0x2F, 0x30, 0x31, 0x32, 0x33, 0x34, 0x35, 0x36, 0x37, 0x38, 0x39, 0x3A, 0x3B, 0x3C, 0x3D,
    0x3E, 0x3F, 0x40, 0x41, 0x42, 0x43, 0x44, 0x45, 0x46, 0x47, 0x48, 0x49, 0x4A, 0x4B, 0x4C, 0x4D,
    0x4E, 0x4F, 0x50, 0x51, 0x52, 0x53, 0x54, 0x55, 0x56, 0x57, 0x58, 0x59, 0x5A, 0x5B, 0x5C, 0x5D,
    0x5E, 0x5F, 0x60, 0x61, 0x62, 0x63, 0x64, 0x65, 0x66, 0x67, 0x0A, 0x0B, 0x02, 0x03, 0x01, 0x00,
    0x07, 0x05, 0x04, 0x0E, 0x0F, 0x10, 0x11, 0x06, 0x00, 0x05, 0x0A, 0x0E, 0x10, 0x12, 0x13, 0x17,
    0x1B, 0x1F, 0x22, 0x26, 0x2A, 0x2E, 0x34, 0x00, 0x01, 0x02, 0x03, 0x08, 0x04, 0x05, 0x06, 0x07,
    0x0A, 0x0B, 0x0C, 0x12, 0x13, 0x1C, 0x1D, 0x11, 0x12, 0x13, 0x14, 0x15, 0x1E, 0x1F, 0x16, 0x17,
    0x20, 0x21, 0x21, 0x22, 0x25, 0x26, 0x09, 0x0E, 0x0F, 0x19, 0x1A, 0x23, 0x24, 0x0D, 0x0E, 0x18,
    0x19, 0x0F, 0x10, 0x1A, 0x1B, 0x27, 0x28, 0x29, 0x2A, 0x2B, 0x2C,
};

// k_art_nes: 2373 bytes
static const uint8_t __in_flash("padart") k_art_nes[2373] = {
    0x47, 0x41, 0x01, 0x03, 0x40, 0x4E, 0x08, 0x08, 0x1A, 0x14, 0x12, 0x0C, 0x11, 0x01, 0x40, 0x00,
    0x20, 0x05, 0x60, 0x05, 0xC8, 0x06, 0x30, 0x08, 0x4A, 0x08, 0x64, 0x08, 0x7E, 0x08, 0x98, 0x08,
    0xB2, 0x08, 0xE6, 0x08, 0x1A, 0x09, 0x22, 0x09, 0x2B, 0x09, 0x45, 0x09, 0x00, 0x00, 0x00, 0x00,
    0x00, 0x00, 0x00, 0x00, 0x00, 0x00, 0x00, 0x00, 0x00, 0x00, 0x00, 0x00, 0x00, 0x00, 0x00, 0x00,
    0xFF, 0xFF, 0xFF, 0xFF, 0xFF, 0xFF, 0x00, 0x00, 0x00, 0x7F, 0x08, 0x77, 0x1C, 0x63, 0x3E, 0x41,
    0xFF, 0xFF, 0xFF, 0xFF, 0xFF, 0xFF, 0x00, 0x00, 0x00, 0x7F, 0x00, 0x77, 0x00, 0x63, 0x00, 0x41,
    0xFF, 0xFF, 0xFF, 0xFF, 0xFF, 0xFF, 0xFF, 0xFF, 0x00, 0x00, 0x00, 0xFF, 0x10, 0xEF, 0x30, 0xCF,
    0xFF, 0xFF, 0xFF, 0xFF, 0xFF, 0xFF, 0xFF, 0xFF, 0x00, 0x00, 0x00, 0xFF, 0x00, 0xEF, 0x00, 0xCF,
    0x7F, 0x7F, 0x7F, 0x7F, 0x7F, 0x7F, 0x7F, 0x7F, 0x00, 0x00, 0x00, 0xFF, 0x04, 0xFB, 0x06, 0xF9,
    0x7F, 0x7F, 0x7F, 0x7F, 0x7F, 0x7F, 0x7F, 0x7F, 0x00, 0x00, 0x00, 0xFF, 0x00, 0xFB, 0x00, 0xF9,
    0x70, 0x8F, 0x30, 0xCF, 0x10, 0xEF, 0x00, 0xFF, 0x00, 0x00, 0xFF, 0xFF, 0xFF, 0xFF, 0xFF, 0xFF,
    0x00, 0x8F, 0x00, 0xCF, 0x00, 0xEF, 0x00, 0xFF, 0x00, 0x00, 0xFF, 0xFF, 0xFF, 0xFF, 0xFF, 0xFF,
    0x07, 0xF8, 0x06, 0xF9, 0x04, 0xFB, 0x00, 0xFF, 0x00, 0x00, 0x7F, 0x7F, 0x7F, 0x7F, 0x7F, 0x7F,
    0x00, 0xF8, 0x00, 0xF9, 0x00, 0xFB, 0x00, 0xFF, 0x00, 0x00, 0x7F, 0x7F, 0x7F, 0x7F, 0x7F, 0x7F,
    0xFF, 0x00, 0xFF, 0x00, 0xC0, 0x3F, 0xDF, 0x20, 0xDF, 0x20, 0xDF, 0x21, 0xDF, 0x23, 0xDF, 0x23,
    0xFF, 0x00, 0xFF, 0x00, 0xC0, 0x3F, 0xDF, 0x20, 0xDF, 0x20, 0xDE, 0x20, 0xDC, 0x20, 0xDC, 0x20,
    0xFF, 0x00, 0xFF, 0x00, 0x00, 0xFF, 0xFF, 0x00, 0xFF, 0x00, 0xFF, 0xFF, 0xFF, 0xFF, 0xFF, 0xFF,
    0xFF, 0x00, 0xFF, 0x00, 0x00, 0xFF, 0xFF, 0x00, 0xFF, 0x00, 0x00, 0x00, 0x00, 0x00, 0x00, 0x00,
    0xFF, 0x00, 0xFF, 0x00, 0x00, 0xFF, 0xFF, 0x00, 0xFF, 0x00, 0xFF, 0x80, 0xFF, 0xC0, 0xFF, 0xC0,
    0xFF, 0x00, 0xFF, 0x00, 0x00, 0xFF, 0xFF, 0x00, 0xFF, 0x00, 0x7F, 0x00, 0x3F, 0x00, 0x3F, 0x00,
    0xFF, 0x00, 0xFF, 0x00, 0x00, 0xFF, 0xFF, 0x00, 0xFF, 0x00, 0xFF, 0x01, 0xFF, 0x03, 0xFF, 0x03,
    0xFF, 0x00, 0xFF, 0x00, 0x00, 0xFF, 0xFF, 0x00, 0xFF, 0x00, 0xFE, 0x00, 0xFC, 0x00, 0xFC, 0x00,
    0xFF, 0x00, 0xFF, 0x00, 0x03, 0xFC, 0xFB, 0x04, 0xFB, 0x04, 0xFB, 0x84, 0xFB, 0xC4, 0xFB, 0xC4,
    0xFF, 0x00, 0xFF, 0x00, 0x03, 0xFC, 0xFB, 0x04, 0xFB, 0x04, 0x7B, 0x04, 0x3B, 0x04, 0x3B, 0x04,
    0x00, 0x00, 0x0F, 0x0F, 0x1C, 0x1F, 0x30, 0x3F, 0x6E, 0x71, 0x6E, 0x71, 0x4E, 0x71, 0x40, 0x7F,
    0x00, 0x00, 0x00, 0x0F, 0x03, 0x1C, 0x0F, 0x30, 0x1F, 0x60, 0x1F, 0x60, 0x3F, 0x40, 0x3F, 0x40,
    0x00, 0x00, 0xF0, 0xF0, 0x38, 0xF8, 0x0C, 0xFC, 0x06, 0xFE, 0x06, 0xFE, 0x02, 0xFE, 0x02, 0xFE,
    0x00, 0x00, 0x00, 0xF0, 0xC0, 0x38, 0xF0, 0x0C, 0xF8, 0x06, 0xF8, 0x06, 0xFC, 0x02, 0xFC, 0x02,
    0x00, 0x7F, 0x3E, 0x41, 0x1C, 0x63, 0x08, 0x77, 0x00, 0x7F, 0x00, 0x00, 0xFF, 0xFF, 0xFF, 0xFF,
    0x00, 0x7F, 0x00, 0x41, 0x00, 0x63, 0x00, 0x77, 0x00, 0x7F, 0x00, 0x00, 0xFF, 0xFF, 0xFF, 0xFF,
    0xDF, 0x23, 0xDF, 0x23, 0xDF, 0x21, 0xDF, 0x20, 0xDF, 0x20, 0xC0, 0x3F, 0xFF, 0x00, 0xFF, 0x00,
    0xDC, 0x20, 0xDC, 0x20, 0xDE, 0x20, 0xDF, 0x20, 0xDF, 0x20, 0xC0, 0x3F, 0xFF, 0x00, 0xFF, 0x00,
    0xFF, 0xFF, 0xFF, 0xFF, 0xFF, 0xFF, 0xFF, 0x00, 0xFF, 0x00, 0x00, 0xFF, 0xFF, 0x00, 0xFF, 0x00,
    0x00, 0x00, 0x00, 0x00, 0x00, 0x00, 0xFF, 0x00, 0xFF, 0x00, 0x00, 0xFF, 0xFF, 0x00, 0xFF, 0x00,
    0xFF, 0xC0, 0xFF, 0xC0, 0xFF, 0x80, 0xFF, 0x00, 0xFF, 0x00, 0x00, 0xFF, 0xFF, 0x00, 0xFF, 0x00,
    0x3F, 0x00, 0x3F, 0x00, 0x7F, 0x00, 0xFF, 0x00, 0xFF, 0x00, 0x00, 0xFF, 0xFF, 0x00, 0xFF, 0x00,
    0xFF, 0x03, 0xFF, 0x03, 0xFF, 0x01, 0xFF, 0x00, 0xFF, 0x00, 0x00, 0xFF, 0xFF, 0x00, 0xFF, 0x00,
    0xFC, 0x00, 0xFC, 0x00, 0xFE, 0x00, 0xFF, 0x00, 0xFF, 0x00, 0x00, 0xFF, 0xFF, 0x00, 0xFF, 0x00,
    0xFB, 0xC4, 0xFB, 0xC4, 0xFB, 0x84, 0xFB, 0x04, 0xFB, 0x04, 0x03, 0xFC, 0xFF, 0x00, 0xFF, 0x00,
    0x3B, 0x04, 0x3B, 0x04, 0x7B, 0x04, 0xFB, 0x04, 0xFB, 0x04, 0x03, 0xFC, 0xFF, 0x00, 0xFF, 0x00,
    0x40, 0x7F, 0x40, 0x7F, 0x60, 0x7F, 0x60, 0x7F, 0x30, 0x3F, 0x1C, 0x1F, 0x0F, 0x0F, 0x00, 0x00,
    0x3F, 0x40, 0x3F, 0x40, 0x1F, 0x60, 0x1F, 0x60, 0x0F, 0x30, 0x03, 0x1C, 0x00, 0x0F, 0x00, 0x00,
    0x02, 0xFE, 0x02, 0xFE, 0x06, 0xFE, 0x06, 0xFE, 0x0C, 0xFC, 0x38, 0xF8, 0xF0, 0xF0, 0x00, 0x00,
    0xFC, 0x02, 0xFC, 0x02, 0xF8, 0x06, 0xF8, 0x06, 0xF0, 0x0C, 0xC0, 0x38, 0x00, 0xF0, 0x00, 0x00,
    0x00, 0x00, 0x00, 0x00, 0x00, 0x00, 0x00, 0x00, 0x00, 0x00, 0x00, 0x00, 0x00, 0x00, 0x00, 0x00,
    0x00, 0x00, 0x00, 0x00, 0x00, 0x00, 0x1F, 0x1F, 0x3F, 0x3F, 0x7F, 0x60, 0x7F, 0x60, 0x7F, 0x60,
    0x00, 0x00, 0x00, 0x00, 0x00, 0x00, 0xFF, 0xFF, 0xFF, 0xFF, 0xFF, 0x00, 0xFF, 0x00, 0xFF, 0x00,
    0x00, 0x00, 0x00, 0x00, 0x00, 0x00, 0xF8, 0xF8, 0xFC, 0xFC, 0xFE, 0x06, 0xFE, 0x06, 0xFE, 0x06,
    0x7F, 0x60, 0x7F, 0x60, 0x7F, 0x60, 0x7F, 0x60, 0x7F, 0x60, 0x7F, 0x60, 0x7C, 0x63, 0x7C, 0x63,
    0x00, 0x00, 0x00, 0x00, 0x00, 0x00, 0x00, 0x00, 0x00, 0x00, 0x00, 0x00, 0xFF, 0xFF, 0xFF, 0xFF,
    0xFF, 0x00, 0xFF, 0x00, 0xFF, 0x00, 0xFF, 0x00, 0xFF, 0x00, 0xFF, 0x00, 0x00, 0xFF, 0x00, 0xFF,
    0xFE, 0x06, 0xFE, 0x06, 0xFE, 0x06, 0xFE, 0x06, 0xFE, 0x06, 0xFE, 0x06, 0x3E, 0xC6, 0x3E, 0xC6,
    0x7C, 0x63, 0x7C, 0x63, 0x7C, 0x63, 0x7C, 0x63, 0x7C, 0x63, 0x7C, 0x63, 0x7C, 0x63, 0x7C, 0x63,
    0xFF, 0xFF, 0xFF, 0xFF, 0xFF, 0xFF, 0xFF, 0xFF, 0xFF, 0xFF, 0xFF, 0xFF, 0xFF, 0xFF, 0xFF, 0xFF,
    0xFF, 0x00, 0xFF, 0x00, 0xFF, 0x80, 0xFF, 0xFF, 0xFF, 0xFF, 0xFF, 0xFF, 0xFF, 0x80, 0xFF, 0x00,
    0xFF, 0x00, 0xFF, 0x00, 0xFF, 0x00, 0xFF, 0xFF, 0xFF, 0xFF, 0xFF, 0xFF, 0xFF, 0x00, 0xFF, 0x00,
    0xFF, 0x00, 0xFF, 0x00, 0xFF, 0x01, 0xFF, 0xFF, 0xFF, 0xFF, 0xFF, 0xFF, 0xFF, 0x01, 0xFF, 0x00,
    0x3E, 0xC6, 0x3E, 0xC6, 0x3E, 0xC6, 0x3E, 0xC6, 0x3E, 0xC6, 0x3E, 0xC6, 0x3E, 0xC6, 0x3E, 0xC6,
    0xFF, 0xFF, 0xFF, 0xFF, 0xFF, 0xFF, 0x7F, 0x7F, 0x7F, 0x7F, 0x7F, 0x7F, 0x7F, 0x7F, 0x7F, 0x7F,
    0xFF, 0x00, 0xFF, 0x00, 0xFF, 0x00, 0xFF, 0x80, 0xFF, 0xFF, 0xFF, 0xFF, 0xFF, 0xFF, 0xFF, 0x80,
    0xFF, 0x00, 0xFF, 0x00, 0xFF, 0x00, 0xFF, 0x00, 0xFF, 0xFF, 0xFF, 0xFF, 0xFF, 0xFF, 0xFF, 0x00,
    0xFF, 0x00, 0xFF, 0x00, 0xFF, 0x00, 0xFF, 0x01, 0xFF, 0xFF, 0xFF, 0xFF, 0xFF, 0xFF, 0xFF, 0x01,
    0xFF, 0xFF, 0xFF, 0xFF, 0xFF, 0xFF, 0xFF, 0xFF, 0xFE, 0xFE, 0xFE, 0xFE, 0xFE, 0xFE, 0xFE, 0xFE,
    0x00, 0x7F, 0x00, 0x7F, 0x00, 0x7F, 0x00, 0x7F, 0x00, 0x7F, 0x1C, 0xE3, 0x22, 0xDD, 0x41, 0xBE,
    0xFF, 0xFF, 0xFF, 0xFF, 0xFF, 0xFF, 0xFF, 0xFF, 0x3F, 0x3F, 0x3F, 0xBF, 0x3F, 0xBF, 0x3F, 0xBF,
    0xFF, 0x00, 0xFF, 0x00, 0xFF, 0x00, 0xFF, 0x00, 0xFF, 0x80, 0xFF, 0xFF, 0xFF, 0xFF, 0xFF, 0xFF,
    0xFF, 0x00, 0xFF, 0x00, 0xFF, 0x00, 0xFF, 0x00, 0xFF, 0x00, 0xFF, 0xFF, 0xFF, 0xFF, 0xFF, 0xFF,
    0xFF, 0x00, 0xFF, 0x00, 0xFF, 0x00, 0xFF, 0x00, 0xFF, 0x01, 0xFF, 0xFF, 0xFF, 0xFF, 0xFF, 0xFF,
    0xFE, 0xFE, 0xFE, 0xFE, 0xFE, 0xFE, 0xFE, 0xFE, 0xFE, 0xFE, 0xFF, 0xFF, 0xFF, 0xFF, 0xFF, 0xFF,
    0x41, 0xBE, 0x41, 0xBE, 0x22, 0xDD, 0x1C, 0xE3, 0x00, 0x7F, 0x00, 0x7F, 0x00, 0x7F, 0x00, 0x7F,
    0x3F, 0xBF, 0x3F, 0xBF, 0x3F, 0xBF, 0x3F, 0xBF, 0x3F, 0x3F, 0xFF, 0xFF, 0xFF, 0xFF, 0xFF, 0xFF,
    0x7F, 0x7F, 0x7F, 0x7F, 0x7F, 0x7F, 0x7F, 0x7F, 0x7F, 0x7F, 0x7F, 0x7F, 0xFF, 0xFF, 0xFF, 0xFF,
    0xFF, 0xFF, 0xFF, 0xFF, 0xFF, 0xFF, 0xFF, 0x80, 0xFF, 0x00, 0xFF, 0x00, 0xFF, 0x00, 0xFF, 0x00,
    0xFF, 0xFF, 0xFF, 0xFF, 0xFF, 0xFF, 0xFF, 0x00, 0xFF, 0x00, 0xFF, 0x00, 0xFF, 0x00, 0xFF, 0x00,
    0xFF, 0xFF, 0xFF, 0xFF, 0xFF, 0xFF, 0xFF, 0x01, 0xFF, 0x00, 0xFF, 0x00, 0xFF, 0x00, 0xFF, 0x00,
    0xFF, 0xFF, 0xFF, 0xFF, 0xFC, 0xFF, 0xFD, 0xFF, 0xFC, 0xFF, 0xFD, 0xFF, 0xFC, 0xFF, 0xFF, 0xFF,
    0xFF, 0xFF, 0xFF, 0xFF, 0x7F, 0xFF, 0xBF, 0xFF, 0x7F, 0xFF, 0xBF, 0xFF, 0x7F, 0xFF, 0xFF, 0xFF,
    0xFF, 0xFF, 0xFF, 0xFF, 0xFE, 0xFF, 0xFD, 0xFF, 0xFC, 0xFF, 0xFD, 0xFF, 0xFD, 0xFF, 0xFF, 0xFF,
    0xFF, 0xFF, 0xFF, 0xFF, 0x7F, 0xFF, 0xBF, 0xFF, 0x3F, 0xFF, 0xBF, 0xFF, 0xBF, 0xFF, 0xFF, 0xFF,
    0x7F, 0x60, 0x7F, 0x60, 0x7F, 0x60, 0x3F, 0x3F, 0x1F, 0x1F, 0x00, 0x00, 0x00, 0x00, 0x00, 0x00,
    0xFF, 0x00, 0xFF, 0x00, 0xFF, 0x00, 0xFF, 0xFF, 0xFF, 0xFF, 0x00, 0x00, 0x00, 0x00, 0x00, 0x00,
    0xFE, 0x06, 0xFE, 0x06, 0xFE, 0x06, 0xFC, 0xFC, 0xF8, 0xF8, 0x00, 0x00, 0x00, 0x00, 0x00, 0x00,
    0xFF, 0x7F, 0x10, 0x46, 0x29, 0x29, 0x00, 0x04, 0x7B, 0x6F, 0x7F, 0x46, 0x5C, 0x08, 0x0E, 0x04,
    0xFF, 0x7F, 0x7B, 0x6F, 0x10, 0x46, 0x00, 0x04, 0xFF, 0x7F, 0x94, 0x56, 0x29, 0x29, 0x84, 0x14,
    0x7B, 0x6F, 0x10, 0x46, 0x5C, 0x08, 0x84, 0x14, 0xFF, 0x7F, 0x7B, 0x6F, 0x84, 0x14, 0x00, 0x04,
    0x29, 0x29, 0x0E, 0x04, 0x84, 0x14, 0x00, 0x04, 0x29, 0x29, 0x0E, 0x04, 0x84, 0x14, 0x00, 0x04,
    0x28, 0x28, 0x28, 0x28, 0x28, 0x28, 0x28, 0x28, 0x28, 0x28, 0x28, 0x28, 0x28, 0x28, 0x28, 0x28,
    0x28, 0x28, 0x28, 0x28, 0x28, 0x28, 0x28, 0x28, 0x28, 0x28, 0x28, 0x28, 0x28, 0x28, 0x28, 0x28,
    0x28, 0x28, 0x28, 0x28, 0x28, 0x28, 0x28, 0x28, 0x28, 0x28, 0x28, 0x28, 0x28, 0x28, 0x28, 0x28,
    0x28, 0x28, 0x28, 0x28, 0x28, 0x28, 0x28, 0x28, 0x28, 0x28, 0x28, 0x28, 0x28, 0x28, 0x28, 0x28,
    0x28, 0x28, 0x28, 0x28, 0x28, 0x28, 0x28, 0x28, 0x28, 0x28, 0x28, 0x28, 0x28, 0x28, 0x28, 0x28,
    0x29, 0x2A, 0x2A, 0x2A, 0x2A, 0x2A, 0x2A, 0x2A, 0x2A, 0x2A, 0x2A, 0x2A, 0x2A, 0x2A, 0x2A, 0x2A,
    0x2A, 0x2A, 0x2A, 0x2B, 0x2C, 0x2D, 0x2D, 0x2D, 0x2D, 0x2D, 0x2E, 0x2E, 0x2E, 0x2E, 0x2E, 0x2E,
    0x2D, 0x2D, 0x2D, 0x2D, 0x2D, 0x2D, 0x2D, 0x2F, 0x30, 0x31, 0x31, 0x31, 0x31, 0x31, 0x32, 0x33,
    0x33, 0x33, 0x33, 0x34, 0x31, 0x31, 0x31, 0x31, 0x31, 0x31, 0x31, 0x35, 0x30, 0x31, 0x31, 0x00,
    0x36, 0x31, 0x37, 0x38, 0x38, 0x38, 0x38, 0x39, 0x31, 0x31, 0x31, 0x31, 0x31, 0x31, 0x31, 0x35,
    0x30, 0x3A, 0x02, 0x3B, 0x04, 0x3C, 0x3D, 0x3E, 0x3E, 0x3E, 0x3E, 0x3F, 0x31, 0x31, 0x31, 0x31,
    0x31, 0x31, 0x31, 0x35, 0x30, 0x40, 0x06, 0x41, 0x08, 0x42, 0x0A, 0x0C, 0x0E, 0x10, 0x0C, 0x12,
    0x31, 0x14, 0x16, 0x31, 0x14, 0x16, 0x31, 0x35, 0x30, 0x31, 0x31, 0x18, 0x43, 0x31, 0x1A, 0x1C,
    0x1E, 0x20, 0x1C, 0x22, 0x31, 0x24, 0x26, 0x31, 0x24, 0x26, 0x31, 0x35, 0x30, 0x31, 0x31, 0x31,
    0x31, 0x31, 0x44, 0x45, 0x45, 0x45, 0x45, 0x46, 0x31, 0x47, 0x48, 0x31, 0x49, 0x4A, 0x31, 0x35,
    0x4B, 0x4C, 0x4C, 0x4C, 0x4C, 0x4C, 0x4C, 0x4C, 0x4C, 0x4C, 0x4C, 0x4C, 0x4C, 0x4C, 0x4C, 0x4C,
    0x4C, 0x4C, 0x4C, 0x4D, 0x28, 0x28, 0x28, 0x28, 0x28, 0x28, 0x28, 0x28, 0x28, 0x28, 0x28, 0x28,
    0x28, 0x28, 0x28, 0x28, 0x28, 0x28, 0x28, 0x28, 0x28, 0x28, 0x28, 0x28, 0x28, 0x28, 0x28, 0x28,
    0x28, 0x28, 0x28, 0x28, 0x28, 0x28, 0x28, 0x28, 0x28, 0x28, 0x28, 0x28, 0x28, 0x28, 0x28, 0x28,
    0x28, 0x28, 0x28, 0x28, 0x28, 0x28, 0x28, 0x28, 0x28, 0x28, 0x28, 0x28, 0x28, 0x28, 0x28, 0x28,
    0x28, 0x28, 0x28, 0x28, 0x28, 0x28, 0x28, 0x28, 0x28, 0x28, 0x28, 0x28, 0x28, 0x28, 0x28, 0x28,
    0x28, 0x28, 0x28, 0x28, 0x28, 0x28, 0x28, 0x28, 0x28, 0x28, 0x28, 0x28, 0x28, 0x28, 0x28, 0x28,
    0x00, 0x00, 0x00, 0x00, 0x00, 0x00, 0x00, 0x00, 0x08, 0x08, 0x08, 0x08, 0x08, 0x08, 0x08, 0x08,
    0x08, 0x08, 0x08, 0x08, 0x08, 0x08, 0x08, 0x08, 0x08, 0x08, 0x08, 0x08, 0x08, 0x08, 0x08, 0x08,
    0x08, 0x08, 0x08, 0x08, 0x08, 0x08, 0x08, 0x08, 0x08, 0x08, 0x08, 0x08, 0x08, 0x08, 0x08, 0x08,
    0x08, 0x08, 0x08, 0x08, 0x08, 0x08, 0x08, 0x08, 0x08, 0x08, 0x08, 0x08, 0x08, 0x08, 0x08, 0x08,
    0x08, 0x08, 0x08, 0x08, 0x08, 0x08, 0x08, 0x08, 0x08, 0x08, 0x08, 0x08, 0x08, 0x08, 0x08, 0x08,
    0x08, 0x08, 0x08, 0x08, 0x08, 0x08, 0x08, 0x08, 0x0A, 0x0A, 0x0A, 0x0A, 0x0A, 0x0A, 0x0A, 0x0A,
    0x0A, 0x0A, 0x0A, 0x0A, 0x0A, 0x0A, 0x0A, 0x0A, 0x0A, 0x0A, 0x0A, 0x0A, 0x0D, 0x0C, 0x0C, 0x0C,
    0x0C, 0x0C, 0x0A, 0x0A, 0x0A, 0x0A, 0x0A, 0x0A, 0x0C, 0x0C, 0x0C, 0x0C, 0x0C, 0x0C, 0x0C, 0x0D,
    0x0D, 0x0B, 0x0B, 0x0B, 0x0B, 0x0B, 0x0C, 0x0C, 0x0C, 0x0C, 0x0C, 0x0C, 0x0B, 0x0B, 0x0B, 0x0B,
    0x0B, 0x0B, 0x0B, 0x0D, 0x0D, 0x0B, 0x0B, 0x0B, 0x0B, 0x0B, 0x0C, 0x0C, 0x0C, 0x0C, 0x0C, 0x0C,
    0x0B, 0x0B, 0x0B, 0x0B, 0x0B, 0x0B, 0x0B, 0x0D, 0x0D, 0x0B, 0x0B, 0x0B, 0x0B, 0x0B, 0x0C, 0x0C,
    0x0C, 0x0C, 0x0C, 0x0C, 0x0B, 0x0B, 0x0B, 0x0B, 0x0B, 0x0B, 0x0B, 0x0D, 0x0D, 0x0B, 0x0B, 0x0B,
    0x0B, 0x0B, 0x0A, 0x0A, 0x0A, 0x0A, 0x0A, 0x0A, 0x0B, 0x09, 0x09, 0x0B, 0x09, 0x09, 0x0B, 0x0D,
    0x0D, 0x0B, 0x0B, 0x0B, 0x0B, 0x0B, 0x0A, 0x0A, 0x0A, 0x0A, 0x0A, 0x0A, 0x0B, 0x09, 0x09, 0x0B,
    0x09, 0x09, 0x0B, 0x0D, 0x0D, 0x0B, 0x0B, 0x0B, 0x0B, 0x0B, 0x0C, 0x0C, 0x0C, 0x0C, 0x0C, 0x0C,
    0x0B, 0x0C, 0x0C, 0x0B, 0x0C, 0x0C, 0x0B, 0x0D, 0x0A, 0x0A, 0x0A, 0x0A, 0x0A, 0x0A, 0x0A, 0x0A,
    0x0A, 0x0A, 0x0A, 0x0A, 0x0A, 0x0A, 0x0A, 0x0A, 0x0A, 0x0A, 0x0A, 0x0A, 0x08, 0x08, 0x08, 0x08,
    0x08, 0x08, 0x08, 0x08, 0x08, 0x08, 0x08, 0x08, 0x08, 0x08, 0x08, 0x08, 0x08, 0x08, 0x08, 0x08,
    0x08, 0x08, 0x08, 0x08, 0x08, 0x08, 0x08, 0x08, 0x08, 0x08, 0x08, 0x08, 0x08, 0x08, 0x08, 0x08,
    0x08, 0x08, 0x08, 0x08, 0x08, 0x08, 0x08, 0x08, 0x08, 0x08, 0x08, 0x08, 0x08, 0x08, 0x08, 0x08,
    0x08, 0x08, 0x08, 0x08, 0x08, 0x08, 0x08, 0x08, 0x08, 0x08, 0x08, 0x08, 0x08, 0x08, 0x08, 0x08,
    0x08, 0x08, 0x08, 0x08, 0x08, 0x08, 0x08, 0x08, 0x08, 0x08, 0x08, 0x08, 0x08, 0x08, 0x08, 0x08,
    0x08, 0x08, 0x08, 0x08, 0x08, 0x08, 0x08, 0x08, 0x00, 0x00, 0x00, 0x00, 0x00, 0x00, 0x00, 0x00,
    0x03, 0x02, 0x04, 0x02, 0x04, 0x06, 0x07, 0x08, 0x09, 0x0A, 0x0B, 0x0D, 0x0E, 0x10, 0x11, 0x03,
    0x06, 0x07, 0x08, 0x09, 0x0A, 0x0B, 0x0D, 0x0E, 0x10, 0x11, 0x07, 0x08, 0x08, 0x09, 0x09, 0x09,
    0x09, 0x09, 0x09, 0x09, 0x09, 0x09, 0x09, 0x09, 0x09, 0x0A, 0x0A, 0x0A, 0x0A, 0x0A, 0x0A, 0x0A,
    0x0A, 0x0A, 0x0A, 0x0A, 0x01, 0x01, 0x01, 0x01, 0x01, 0x01, 0x01, 0x01, 0x01, 0x01, 0x01, 0x01,
    0x01, 0x01, 0x01, 0x01, 0x01, 0x01, 0x01, 0x01, 0x01, 0x01, 0x01, 0x01, 0x01, 0x01, 0x00, 0x01,
    0x02, 0x03, 0x04, 0x05, 0x06, 0x07, 0x08, 0x09, 0x0A, 0x0B, 0x0C, 0x0D, 0x0E, 0x0F, 0x10, 0x11,
    0x12, 0x13, 0x14, 0x15, 0x16, 0x17, 0x18, 0x19, 0x00, 0x02, 0x03, 0x02, 0x03, 0x04, 0x04, 0x04,
    0x05, 0x05, 0x05, 0x06, 0x06, 0x07, 0x07, 0x01, 0x04, 0x04, 0x04, 0x05, 0x05, 0x05, 0x06, 0x06,
    0x07, 0x07, 0x00, 0x00, 0x02, 0x00, 0x04, 0x00, 0x06, 0x00, 0x08, 0x00, 0x0A, 0x00, 0x0C, 0x00,
    0x0E, 0x00, 0x10, 0x00, 0x12, 0x00, 0x14, 0x00, 0x16, 0x00, 0x18, 0x00, 0x1A, 0x00, 0x1C, 0x00,
    0x1E, 0x00, 0x20, 0x00, 0x22, 0x00, 0x24, 0x00, 0x26, 0x00, 0x28, 0x00, 0x2A, 0x00, 0x2C, 0x00,
    0x2E, 0x00, 0x30, 0x00, 0x32, 0x00, 0x00, 0x01, 0x02, 0x03, 0x04, 0x05, 0x06, 0x07, 0x08, 0x09,
    0x0A, 0x0B, 0x0C, 0x0D, 0x0E, 0x0F, 0x10, 0x11, 0x0C, 0x0D, 0x12, 0x13, 0x14, 0x15, 0x16, 0x17,
    0x14, 0x15, 0x16, 0x17, 0x18, 0x19, 0x1A, 0x1B, 0x1C, 0x1D, 0x1E, 0x1F, 0x20, 0x21, 0x1C, 0x1D,
    0x22, 0x23, 0x24, 0x25, 0x26, 0x27, 0x24, 0x25, 0x26, 0x27, 0x02, 0x03, 0x01, 0x00, 0x06, 0x07,
    0x05, 0x04, 0x00, 0x01, 0x02, 0x04, 0x06, 0x0C, 0x12, 0x16, 0x1A, 0x00, 0x0F, 0x01, 0x03, 0x02,
    0x04, 0x05, 0x06, 0x07, 0x10, 0x11, 0x12, 0x08, 0x09, 0x0A, 0x13, 0x14, 0x15, 0x0B, 0x0C, 0x16,
    0x17, 0x0D, 0x0E, 0x18, 0x19,
};

// k_art_snes: 4349 bytes
static const uint8_t __in_flash("padart") k_art_snes[4349] = {
    0x47, 0x41, 0x01, 0x02, 0x40, 0xB9, 0x08, 0x0C, 0x32, 0x14, 0x12, 0x0C, 0x11, 0x02, 0x40, 0x00,
    0xD0, 0x0B, 0x10, 0x0C, 0x78, 0x0D, 0xE0, 0x0E, 0x12, 0x0F, 0x44, 0x0F, 0x76, 0x0F, 0xA8, 0x0F,
    0xDE, 0x0F, 0x42, 0x10, 0xAE, 0x10, 0xBA, 0x10, 0xC7, 0x10, 0xFD, 0x10, 0x00, 0x00, 0x00, 0x00,
    0x00, 0x00, 0x00, 0x00, 0x00, 0x00, 0x00, 0x00, 0x00, 0x00, 0x00, 0x00, 0x00, 0x00, 0x00, 0x00,
    0x00, 0x00, 0x00, 0x00, 0x00, 0x00, 0x00, 0x00, 0x00, 0x00, 0x00, 0x00, 0x07, 0x07, 0x1C, 0x1F,
    0x00, 0x00, 0x00, 0x00, 0x00, 0x00, 0x00, 0x00, 0x00, 0x00, 0x00, 0x00, 0x07, 0x07, 0x1C, 0x1C,
    0x00, 0x00, 0x00, 0x00, 0x00, 0x00, 0x00, 0x00, 0x1F, 0x1F, 0xF0, 0xFF, 0x80, 0xFF, 0x0F, 0xFF,
    0x00, 0x00, 0x00, 0x00, 0x00, 0x00, 0x00, 0x00, 0x1F, 0x1F, 0xF0, 0xF0, 0x80, 0x80, 0x0F, 0x0F,
    0x00, 0x00, 0x00, 0x00, 0x00, 0x00, 0xFF, 0xFF, 0xFF, 0xFF, 0x00, 0xFF, 0x00, 0xFF, 0xFF, 0xFF,
    0x00, 0x00, 0x00, 0x00, 0x00, 0x00, 0xFF, 0xFF, 0xFF, 0xFF, 0x00, 0x00, 0x00, 0x00, 0xFF, 0xFF,
    0x00, 0x00, 0x00, 0x00, 0x00, 0x00, 0xC0, 0xC0, 0xF0, 0xF0, 0x10, 0xF0, 0x1F, 0xFF, 0xFF, 0xF0,
    0x00, 0x00, 0x00, 0x00, 0x00, 0x00, 0xC0, 0xC0, 0xF0, 0xF0, 0x10, 0x10, 0x1F, 0x1F, 0xFF, 0xF0,
    0x00, 0x00, 0x00, 0x00, 0x00, 0x00, 0x03, 0x03, 0x0F, 0x0F, 0x08, 0x0F, 0xF8, 0xFF, 0xFF, 0x0F,
    0x00, 0x00, 0x00, 0x00, 0x00, 0x00, 0x03, 0x03, 0x0F, 0x0F, 0x08, 0x08, 0xF8, 0xF8, 0xFF, 0x0F,
    0x00, 0x00, 0x00, 0x00, 0x00, 0x00, 0x00, 0x00, 0xF8, 0xF8, 0x0F, 0xFF, 0x01, 0xFF, 0xF0, 0xFF,
    0x00, 0x00, 0x00, 0x00, 0x00, 0x00, 0x00, 0x00, 0xF8, 0xF8, 0x0F, 0x0F, 0x01, 0x01, 0xF0, 0xF0,
    0x00, 0x00, 0x00, 0x00, 0x00, 0x00, 0x00, 0x00, 0x00, 0x00, 0x00, 0x00, 0xE0, 0xE0, 0x38, 0xF8,
    0x00, 0x00, 0x00, 0x00, 0x00, 0x00, 0x00, 0x00, 0x00, 0x00, 0x00, 0x00, 0xE0, 0xE0, 0x38, 0x38,
    0x30, 0x3F, 0x43, 0x7F, 0xCF, 0xFE, 0xBF, 0xF8, 0xFF, 0xE0, 0xFF, 0x80, 0xFF, 0x00, 0xFF, 0x00,
    0x30, 0x30, 0x43, 0x43, 0xCF, 0xCE, 0xBF, 0xB8, 0xFF, 0xE0, 0xFF, 0x80, 0xFF, 0x00, 0xFF, 0x00,
    0x0C, 0xFC, 0xC2, 0xFE, 0xF3, 0x7F, 0xFD, 0x1F, 0xFF, 0x07, 0xFF, 0x01, 0xFF, 0x00, 0xFF, 0x00,
    0x0C, 0x0C, 0xC2, 0xC2, 0xF3, 0x73, 0xFD, 0x1D, 0xFF, 0x07, 0xFF, 0x01, 0xFF, 0x00, 0xFF, 0x00,
    0x00, 0xFF, 0x00, 0xFF, 0x00, 0xFF, 0x00, 0xFF, 0x00, 0xFF, 0x00, 0xFF, 0x00, 0xFF, 0x7F, 0xFF,
    0x00, 0xFF, 0x00, 0xFF, 0x00, 0xFF, 0x00, 0xFF, 0x00, 0xFF, 0x00, 0xFF, 0x00, 0xFF, 0x7F, 0x80,
    0xFF, 0x00, 0xFF, 0x00, 0xFF, 0xFF, 0xFF, 0xFF, 0x01, 0xFF, 0x01, 0xFF, 0x01, 0xFF, 0x01, 0xFF,
    0xFF, 0x00, 0xFF, 0x00, 0xFF, 0xFF, 0xFF, 0xFF, 0x01, 0xFF, 0x01, 0xFF, 0x01, 0xEF, 0x01, 0xC7,
    0x00, 0xFF, 0x01, 0xFF, 0x03, 0xFF, 0x03, 0xFF, 0x03, 0xFE, 0x03, 0xFE, 0x03, 0xFE, 0x03, 0xFF,
    0x00, 0xFF, 0x01, 0xFE, 0x03, 0xFC, 0x03, 0xFC, 0x02, 0xFC, 0x02, 0xFC, 0x02, 0xFC, 0x03, 0xFC,
    0xFF, 0xE3, 0xFF, 0x80, 0xFF, 0x00, 0xFF, 0x00, 0xFF, 0x00, 0xFF, 0x00, 0xFC, 0x00, 0xF8, 0x00,
    0xE3, 0x00, 0x80, 0x00, 0x00, 0x00, 0x00, 0x00, 0x00, 0x00, 0x00, 0x00, 0x00, 0x00, 0x00, 0x00,
    0x80, 0xFF, 0xC0, 0xFF, 0xE0, 0x7F, 0xE0, 0x7F, 0xE0, 0x3F, 0xE0, 0x3F, 0xE0, 0x3F, 0xE0, 0x7F,
    0x80, 0x7F, 0xC0, 0x3F, 0x60, 0x1F, 0x60, 0x1F, 0x20, 0x1F, 0x20, 0x1F, 0x20, 0x1F, 0x60, 0x1F,
    0xFF, 0x07, 0xFF, 0x07, 0xFF, 0xFF, 0xFF, 0xFF, 0xFE, 0xFF, 0x00, 0xFF, 0x00, 0xFF, 0x00, 0xFF,
    0xFF, 0x07, 0xFF, 0x07, 0xFF, 0xFF, 0xFF, 0xFF, 0xFE, 0xFF, 0x00, 0xFF, 0x00, 0xE7, 0x00, 0xC7,
    0x01, 0xFF, 0x01, 0xFF, 0x01, 0xFF, 0x01, 0xFF, 0x00, 0xFF, 0x38, 0xFF, 0x7C, 0xFF, 0xFE, 0xC7,
    0x01, 0x83, 0x01, 0x83, 0x01, 0xFF, 0x01, 0xFF, 0x00, 0xFF, 0x38, 0xFF, 0x7C, 0xFF, 0xFE, 0xC7,
    0xFF, 0xC0, 0xFF, 0xC0, 0xFF, 0xFF, 0xFF, 0xFF, 0xFF, 0xFF, 0x00, 0xFF, 0x00, 0xFF, 0x00, 0xFF,
    0xFF, 0xC0, 0xFF, 0xC0, 0xFF, 0xFF, 0xFF, 0xFF, 0xFF, 0xFF, 0x00, 0xFF, 0x00, 0xCF, 0x00, 0xC7,
    0x00, 0xFF, 0x00, 0xFF, 0x00, 0xFF, 0x00, 0xFF, 0x00, 0xFF, 0x01, 0xFF, 0x01, 0xFF, 0x01, 0xFF,
    0x00, 0xFF, 0x00, 0xFF, 0x00, 0xFF, 0x00, 0xFF, 0x00, 0xFF, 0x01, 0xFE, 0x01, 0xFE, 0x01, 0xFE,
    0x00, 0xFF, 0x00, 0xFF, 0x3F, 0xFF, 0x7F, 0xF1, 0xFF, 0xC0, 0xFF, 0x80, 0xFF, 0x80, 0xFF, 0x00,
    0x00, 0xFF, 0x00, 0xFF, 0x3F, 0xC0, 0x71, 0x80, 0xC0, 0x00, 0x80, 0x00, 0x80, 0x00, 0x00, 0x00,
    0x03, 0xFF, 0x01, 0xFF, 0x80, 0xFF, 0xC0, 0xFF, 0xE0, 0x7F, 0xF0, 0x3F, 0xF0, 0x3F, 0xF0, 0x1F,
    0x03, 0xFF, 0x01, 0xFF, 0x80, 0x7F, 0xC0, 0x3F, 0x60, 0x1F, 0x30, 0x0F, 0x30, 0x0F, 0x10, 0x0F,
    0x03, 0xFC, 0x01, 0xFE, 0x80, 0xFF, 0xC0, 0xFF, 0xE0, 0x7F, 0xF0, 0x3F, 0xF0, 0x3F, 0xF0, 0x1F,
    0x03, 0xFC, 0x01, 0xFE, 0x80, 0x7F, 0xC0, 0x3F, 0x60, 0x1F, 0x30, 0x0F, 0x30, 0x0F, 0x10, 0x0F,
    0xF8, 0x00, 0xFE, 0x80, 0xFF, 0xE3, 0x7F, 0xFF, 0x00, 0xFF, 0x00, 0xFF, 0x00, 0xFF, 0x00, 0xFF,
    0x00, 0x00, 0x80, 0x00, 0xE3, 0x00, 0x7F, 0x80, 0x00, 0xFF, 0x00, 0xFF, 0x00, 0xFF, 0x00, 0xFF,
    0x7F, 0x00, 0xFF, 0x00, 0xFF, 0x00, 0xFF, 0x01, 0xFF, 0x03, 0xFE, 0x06, 0xFE, 0x07, 0xFC, 0x07,
    0x1F, 0x00, 0x3F, 0x00, 0x7F, 0x00, 0xFF, 0x01, 0xFF, 0x03, 0xFE, 0x06, 0xFE, 0x07, 0xFC, 0x07,
    0x7F, 0x00, 0xFF, 0x00, 0xFF, 0x00, 0xFE, 0x01, 0xFC, 0x03, 0xF8, 0x06, 0xF8, 0x06, 0xF8, 0x04,
    0x1F, 0x00, 0x3F, 0x00, 0x7F, 0x00, 0xFE, 0x01, 0xFC, 0x03, 0xF8, 0x06, 0xF8, 0x06, 0xF8, 0x04,
    0xFF, 0x00, 0xFF, 0x00, 0xFF, 0xFE, 0xC7, 0xFF, 0x01, 0x7F, 0x00, 0x1F, 0x00, 0x1F, 0x00, 0x3F,
    0xFF, 0x00, 0xFF, 0x00, 0x01, 0xFE, 0x00, 0xC7, 0x00, 0x01, 0x00, 0x00, 0x00, 0x00, 0x00, 0x00,
    0xFF, 0x00, 0xFF, 0x00, 0xFF, 0x00, 0xFF, 0x00, 0xFF, 0x80, 0xFF, 0xC0, 0xFF, 0xC0, 0x7F, 0xC0,
    0xFF, 0x00, 0xFF, 0x00, 0xFF, 0x00, 0xFF, 0x00, 0x7F, 0x80, 0x3F, 0xC0, 0x3F, 0xC0, 0x3F, 0x40,
    0x00, 0xFF, 0x00, 0xFF, 0x00, 0xFF, 0x00, 0xFF, 0xFE, 0xFF, 0xFF, 0xFF, 0xFF, 0xFF, 0xFF, 0x07,
    0x00, 0x87, 0x00, 0xC7, 0x00, 0xE7, 0x00, 0xFF, 0xFE, 0xFF, 0xFF, 0xFF, 0xFF, 0xFF, 0xFF, 0x07,
    0xFE, 0xC7, 0xFE, 0xC7, 0x7C, 0xFF, 0x38, 0xFF, 0x00, 0xFF, 0x01, 0xFF, 0x01, 0xFF, 0x01, 0xFF,
    0xFE, 0xC7, 0xFE, 0xC7, 0x7C, 0xFF, 0x38, 0xFF, 0x00, 0xFF, 0x01, 0xFF, 0x01, 0xFF, 0x01, 0x83,
    0x00, 0xFF, 0x00, 0xFF, 0x00, 0xFF, 0x00, 0xFF, 0xFF, 0xFF, 0xFF, 0xFF, 0xFF, 0xFF, 0xFF, 0xC0,
    0x00, 0xC3, 0x00, 0xC7, 0x00, 0xCF, 0x00, 0xFF, 0xFF, 0xFF, 0xFF, 0xFF, 0xFF, 0xFF, 0xFF, 0xC0,
    0xFF, 0x00, 0xFF, 0x00, 0xFF, 0x00, 0xFF, 0x00, 0xFF, 0x01, 0xFF, 0x03, 0xFF, 0x07, 0xFE, 0x1F,
    0xFF, 0x00, 0xFF, 0x00, 0xFF, 0x00, 0xFF, 0x00, 0xFF, 0x01, 0xFF, 0x03, 0xFF, 0x07, 0xFE, 0x1E,
    0xFF, 0x00, 0xFF, 0x1E, 0xFF, 0x3F, 0xF3, 0x7F, 0xE1, 0xFF, 0x81, 0xFF, 0x03, 0xFF, 0x0F, 0xFF,
    0xFF, 0x00, 0xFF, 0x1E, 0xFF, 0x3F, 0xF3, 0x73, 0xE1, 0xE1, 0x81, 0x81, 0x03, 0x03, 0x0F, 0x0F,
    0xFF, 0x00, 0xFF, 0x07, 0xFF, 0x1F, 0xF9, 0x3F, 0xF0, 0xFF, 0xC0, 0xFF, 0x81, 0xFF, 0x03, 0xFF,
    0xFF, 0x00, 0xFF, 0x07, 0xFF, 0x1F, 0xF9, 0x39, 0xF0, 0xF0, 0xC0, 0xC0, 0x81, 0x81, 0x03, 0x03,
    0x01, 0xFF, 0x01, 0xFF, 0x01, 0xFF, 0x01, 0xFF, 0x00, 0xFF, 0x00, 0xFF, 0x00, 0xFF, 0x00, 0xFF,
    0x01, 0xFE, 0x01, 0xFE, 0x01, 0xFE, 0x01, 0xFE, 0x00, 0xFF, 0x00, 0xFF, 0x00, 0xFF, 0x00, 0xFF,
    0xFF, 0x00, 0xFE, 0x00, 0xFC, 0x80, 0xFC, 0x80, 0xFF, 0xC0, 0x7F, 0xF1, 0x3F, 0xFF, 0x00, 0xFF,
    0x00, 0x00, 0x00, 0x00, 0x80, 0x00, 0x80, 0x00, 0xC0, 0x00, 0x71, 0x80, 0x3F, 0xC0, 0x00, 0xFF,
    0xF0, 0x1F, 0x70, 0x1F, 0x70, 0x3F, 0x30, 0x3F, 0x60, 0x7F, 0xC0, 0xFF, 0x80, 0xFF, 0x01, 0xFF,
    0x10, 0x0F, 0x10, 0x0F, 0x30, 0x0F, 0x30, 0x0F, 0x60, 0x1F, 0xC0, 0x3F, 0x80, 0x7F, 0x01, 0xFF,
    0xFF, 0x00, 0xFF, 0x00, 0xFF, 0x00, 0xFF, 0x00, 0xFF, 0x00, 0xFF, 0x7F, 0xE3, 0xFF, 0x80, 0xBF,
    0xFF, 0x00, 0xFF, 0x00, 0xFF, 0x00, 0xFF, 0x00, 0xFF, 0x00, 0x80, 0x7F, 0x00, 0xE3, 0x00, 0x80,
    0xFC, 0x07, 0xFC, 0x07, 0xFE, 0x07, 0xFE, 0x07, 0xFF, 0x03, 0xFF, 0x01, 0xFF, 0x80, 0xFF, 0xC0,
    0xFC, 0x07, 0xFC, 0x07, 0xFE, 0x07, 0xFE, 0x07, 0xFF, 0x03, 0xFF, 0x01, 0x7F, 0x80, 0x3F, 0xC0,
    0xF8, 0x04, 0xF8, 0x04, 0xF8, 0x06, 0xF8, 0x06, 0xFC, 0x03, 0xFE, 0x01, 0xFF, 0x80, 0xFF, 0xC0,
    0xF8, 0x04, 0xF8, 0x04, 0xF8, 0x06, 0xF8, 0x06, 0xFC, 0x03, 0xFE, 0x01, 0x7F, 0x80, 0x3F, 0xC0,
    0x00, 0xFF, 0x00, 0xFF, 0x00, 0xFF, 0x00, 0xFF, 0x01, 0xFF, 0xC7, 0xFF, 0xFF, 0xFE, 0xFF, 0x00,
    0x00, 0x00, 0x00, 0x00, 0x00, 0x00, 0x00, 0x00, 0x00, 0x01, 0x00, 0xC7, 0x01, 0xFE, 0xFF, 0x00,
    0x7F, 0xC0, 0x7F, 0xC0, 0xFF, 0xC0, 0xFF, 0xC0, 0xFF, 0x80, 0xFF, 0x00, 0xFF, 0x00, 0xFF, 0x00,
    0x3F, 0x40, 0x3F, 0x40, 0x3F, 0xC0, 0x3F, 0xC0, 0x7F, 0x80, 0xFF, 0x00, 0xFF, 0x00, 0xFF, 0x00,
    0x01, 0xFF, 0x01, 0xFF, 0x01, 0xFF, 0x01, 0xFF, 0x01, 0xFF, 0xFF, 0xFF, 0xFF, 0xFF, 0xFF, 0x00,
    0x01, 0x83, 0x01, 0xC7, 0x01, 0xEF, 0x01, 0xFF, 0x01, 0xFF, 0xFF, 0xFF, 0xFF, 0xFF, 0xFF, 0x00,
    0xF8, 0x1F, 0xF8, 0x1F, 0xF8, 0x1F, 0xFD, 0x1F, 0xFF, 0x0F, 0xFF, 0x06, 0xFF, 0x00, 0xFF, 0x00,
    0xF8, 0x18, 0xF8, 0x18, 0xF8, 0x18, 0xFD, 0x1D, 0xFF, 0x0F, 0xFF, 0x06, 0xFF, 0x00, 0xFF, 0x00,
    0x1F, 0xFC, 0x3F, 0xF8, 0xFF, 0xF0, 0xFF, 0xC0, 0xFF, 0x80, 0xFF, 0x00, 0xFF, 0x00, 0xFF, 0x00,
    0x1F, 0x1C, 0x3F, 0x38, 0xFF, 0xF0, 0xFF, 0xC0, 0xFF, 0x80, 0xFF, 0x00, 0xFF, 0x00, 0xFF, 0x00,
    0xFC, 0x0F, 0xFC, 0x0F, 0xFC, 0x0F, 0xFE, 0x0F, 0xFF, 0x07, 0xFF, 0x03, 0xFF, 0x00, 0xFF, 0x00,
    0xFC, 0x0C, 0xFC, 0x0C, 0xFC, 0x0C, 0xFE, 0x0E, 0xFF, 0x07, 0xFF, 0x03, 0xFF, 0x00, 0xFF, 0x00,
    0x0F, 0xFE, 0x1F, 0xFC, 0x3F, 0xF8, 0xFF, 0xE0, 0xFF, 0xC0, 0xFF, 0x80, 0xFF, 0x00, 0xFF, 0x00,
    0x0F, 0x0E, 0x1F, 0x1C, 0x3F, 0x38, 0xFF, 0xE0, 0xFF, 0xC0, 0xFF, 0x80, 0xFF, 0x00, 0xFF, 0x00,
    0xFF, 0x03, 0xFF, 0x03, 0xFE, 0x03, 0xFE, 0x03, 0xFE, 0x03, 0xFF, 0x03, 0xFF, 0x03, 0xFF, 0x01,
    0xFC, 0x03, 0xFC, 0x03, 0xFC, 0x02, 0xFC, 0x02, 0xFC, 0x02, 0xFC, 0x03, 0xFC, 0x03, 0xFE, 0x01,
    0x00, 0x0F, 0x00, 0x8F, 0x00, 0x9F, 0x00, 0xFF, 0x00, 0xFF, 0x00, 0xFF, 0x00, 0xFF, 0x80, 0xFF,
    0x00, 0x00, 0x00, 0x00, 0x00, 0x00, 0x00, 0x00, 0x00, 0x00, 0x00, 0x00, 0x00, 0x00, 0x00, 0x80,
    0x7F, 0xE0, 0x7F, 0xE0, 0x3F, 0xE0, 0x3F, 0xE0, 0x3F, 0xE0, 0x7F, 0xE0, 0x7F, 0xE0, 0xFF, 0xC0,
    0x1F, 0x60, 0x1F, 0x60, 0x1F, 0x20, 0x1F, 0x20, 0x1F, 0x20, 0x1F, 0x60, 0x1F, 0x60, 0x3F, 0xC0,
    0xE3, 0xFF, 0xFF, 0x7F, 0xFF, 0x00, 0xFF, 0x00, 0xFF, 0x00, 0xFF, 0x00, 0xFF, 0x00, 0xFF, 0x00,
    0x00, 0xE3, 0x80, 0x7F, 0xFF, 0x00, 0xFF, 0x00, 0xFF, 0x00, 0xFF, 0x00, 0xFF, 0x00, 0xFF, 0x00,
    0xFF, 0x80, 0xFF, 0x00, 0xFF, 0x00, 0xFF, 0x00, 0xFF, 0x00, 0xFF, 0x00, 0xFF, 0x00, 0xFF, 0x00,
    0x7F, 0x80, 0xFF, 0x00, 0xFF, 0x00, 0xFF, 0x00, 0xFF, 0x00, 0xFF, 0x00, 0xFF, 0x00, 0xFF, 0x00,
    0x00, 0x00, 0x00, 0x00, 0x00, 0x00, 0x00, 0x00, 0x00, 0x00, 0x00, 0x00, 0x00, 0x00, 0x00, 0x00,
    0x00, 0x00, 0x00, 0x00, 0x00, 0x00, 0x00, 0x00, 0x00, 0x00, 0x00, 0x00, 0xFF, 0xFF, 0xFF, 0x00,
    0x00, 0x00, 0x00, 0x00, 0x00, 0x00, 0x00, 0x00, 0x01, 0x01, 0x03, 0x03, 0x06, 0x07, 0x0D, 0x0E,
    0xFF, 0xF8, 0xFF, 0xC0, 0xFF, 0x00, 0xFF, 0x00, 0xFF, 0x00, 0xFF, 0x00, 0xFF, 0x00, 0xFF, 0x00,
    0xFF, 0x00, 0xFF, 0x00, 0xFF, 0x00, 0xFF, 0x00, 0xFF, 0x00, 0xFF, 0x00, 0xFF, 0x00, 0xFF, 0x00,
    0x7F, 0x00, 0x1F, 0x00, 0x00, 0x00, 0x00, 0x00, 0x00, 0x00, 0x00, 0x00, 0x00, 0x00, 0x00, 0x00,
    0xFF, 0x00, 0xFF, 0x00, 0x00, 0x00, 0x00, 0x00, 0x00, 0x00, 0x00, 0x00, 0x00, 0x00, 0x00, 0x00,
    0xFE, 0x00, 0xF8, 0x00, 0x00, 0x00, 0x00, 0x00, 0x00, 0x00, 0x00, 0x00, 0x00, 0x00, 0x00, 0x03,
    0x00, 0x00, 0x00, 0x00, 0x00, 0x00, 0x00, 0x00, 0x07, 0x00, 0x3E, 0x01, 0xE0, 0x1F, 0x80, 0x7F,
    0x00, 0x00, 0x00, 0x00, 0x00, 0x00, 0x00, 0x00, 0xFF, 0x00, 0x00, 0xFF, 0x00, 0xFF, 0x00, 0xFF,
    0x1F, 0x1F, 0x03, 0x03, 0x00, 0x00, 0x00, 0x00, 0xF0, 0x00, 0x3E, 0xC0, 0x03, 0xFC, 0x00, 0xFF,
    0x00, 0x00, 0x00, 0x00, 0x00, 0x00, 0x00, 0x00, 0x80, 0x80, 0xC0, 0xC0, 0x60, 0xE0, 0xB0, 0x70,
    0x00, 0x00, 0x00, 0x00, 0x00, 0x00, 0x00, 0x00, 0x00, 0x00, 0x01, 0x01, 0x03, 0x03, 0x03, 0x02,
    0x1B, 0x1C, 0x36, 0x38, 0x6C, 0x70, 0xD8, 0xE0, 0xB0, 0xC0, 0x30, 0xC0, 0x60, 0x80, 0xC0, 0x00,
    0x80, 0x00, 0x00, 0x00, 0x00, 0x00, 0x00, 0x00, 0x00, 0x00, 0x00, 0x00, 0x00, 0x00, 0x00, 0x00,
    0x00, 0x00, 0x00, 0x00, 0x00, 0x00, 0x00, 0x00, 0x00, 0x00, 0x00, 0x00, 0x01, 0x00, 0x0F, 0x00,
    0x00, 0x00, 0x00, 0x00, 0x00, 0x00, 0x00, 0x00, 0x00, 0x00, 0x00, 0x00, 0xFF, 0x00, 0x01, 0xFE,
    0x00, 0x00, 0x00, 0x00, 0x00, 0x00, 0x00, 0x00, 0x00, 0x00, 0x00, 0x00, 0x00, 0x00, 0xE0, 0x00,
    0x00, 0x00, 0x00, 0x00, 0x00, 0x00, 0x00, 0x00, 0x00, 0x00, 0x01, 0x00, 0x02, 0x01, 0x06, 0x01,
    0x0E, 0x01, 0x18, 0x07, 0x30, 0x0F, 0x40, 0x3F, 0x80, 0x7F, 0x00, 0xFF, 0x00, 0xFF, 0x00, 0xFF,
    0xFF, 0x00, 0xFF, 0x00, 0xFF, 0x00, 0xFF, 0x00, 0xFF, 0x00, 0xFF, 0x00, 0xFF, 0x00, 0xFF, 0x00,
    0x38, 0xC0, 0x0C, 0xF0, 0x06, 0xF8, 0x01, 0xFE, 0x00, 0xFF, 0x00, 0xFF, 0x00, 0xFF, 0x00, 0xFF,
    0xD8, 0x38, 0xEC, 0x1C, 0xF6, 0x0E, 0xFB, 0x07, 0x7D, 0x83, 0x3C, 0xC3, 0x1E, 0xE1, 0x0F, 0xF0,
    0x00, 0x00, 0x00, 0x00, 0x00, 0x00, 0x00, 0x00, 0x00, 0x00, 0x80, 0x80, 0xC0, 0xC0, 0xC0, 0x40,
    0x04, 0x07, 0x05, 0x06, 0x0B, 0x0C, 0x0B, 0x0C, 0x1B, 0x1C, 0x17, 0x18, 0x37, 0x38, 0x37, 0x38,
    0x80, 0x00, 0x80, 0x00, 0x00, 0x00, 0x00, 0x00, 0x00, 0x00, 0x00, 0x00, 0x00, 0x00, 0x00, 0x00,
    0x00, 0x00, 0x00, 0x00, 0x01, 0x00, 0x03, 0x00, 0x06, 0x01, 0x0C, 0x03, 0x08, 0x07, 0x18, 0x07,
    0x38, 0x07, 0xE0, 0x1F, 0x83, 0x7F, 0x07, 0xFF, 0x07, 0xFF, 0x07, 0xFF, 0x07, 0xFF, 0x07, 0xFF,
    0x38, 0xC0, 0x0E, 0xF0, 0x83, 0xFC, 0xC1, 0xFE, 0xC0, 0xFF, 0xC0, 0xFF, 0xC0, 0xFF, 0xC0, 0xFF,
    0x00, 0x00, 0x00, 0x00, 0x00, 0x00, 0x80, 0x00, 0xC0, 0x00, 0x60, 0x80, 0x20, 0xC0, 0x30, 0xC0,
    0x0C, 0x03, 0x08, 0x07, 0x18, 0x07, 0x10, 0x0F, 0x30, 0x0F, 0x20, 0x1F, 0x60, 0x1F, 0x40, 0x3F,
    0x18, 0xE0, 0x08, 0xF0, 0x0C, 0xF0, 0x04, 0xF8, 0x06, 0xF8, 0x02, 0xFC, 0x03, 0xFC, 0x01, 0xFE,
    0x20, 0xE0, 0xA0, 0x60, 0xD0, 0x30, 0xD0, 0x30, 0xD8, 0x38, 0xE8, 0x18, 0xEC, 0x1C, 0xEC, 0x1C,
    0x2F, 0x30, 0x2F, 0x30, 0x6F, 0x70, 0x6F, 0x70, 0x7F, 0x60, 0x5F, 0x60, 0x5F, 0x60, 0x5F, 0x60,
    0x10, 0x0F, 0x30, 0x0F, 0x23, 0x1F, 0x27, 0x1F, 0x67, 0x1F, 0x46, 0x3F, 0x46, 0x3F, 0x46, 0x3F,
    0x10, 0xE0, 0x18, 0xE0, 0x88, 0xF0, 0xC8, 0xF0, 0xCC, 0xF0, 0xC4, 0xF8, 0xC4, 0xF8, 0xC4, 0xF8,
    0xF4, 0x0C, 0x74, 0x8C, 0x76, 0x8E, 0x76, 0x8E, 0x7E, 0x86, 0x7A, 0x86, 0x7A, 0x86, 0x7A, 0x86,
    0x58, 0x60, 0x58, 0x60, 0x58, 0x60, 0x58, 0x60, 0x58, 0x60, 0x78, 0x60, 0x68, 0x70, 0x68, 0x70,
    0x46, 0x3F, 0x46, 0x3F, 0x46, 0x3F, 0x46, 0x3F, 0x67, 0x1F, 0x27, 0x1F, 0x23, 0x1F, 0x30, 0x0F,
    0xC4, 0xF8, 0xC4, 0xF8, 0xC4, 0xF8, 0xC4, 0xF8, 0xCC, 0xF0, 0xC8, 0xF0, 0x88, 0xF0, 0x18, 0xE0,
    0xFF, 0x00, 0xFF, 0x00, 0xFF, 0x00, 0xFF, 0x80, 0xFF, 0x80, 0xFF, 0x81, 0xFF, 0x03, 0xFF, 0x07,
    0xFF, 0x00, 0xFF, 0x00, 0xFF, 0x80, 0xFF, 0xC0, 0xFF, 0xC0, 0xFF, 0xC0, 0xFF, 0x80, 0xFF, 0x80,
    0x7A, 0x86, 0x7A, 0x86, 0x7A, 0x86, 0x7A, 0x86, 0x7A, 0x86, 0x7E, 0x86, 0x76, 0x8E, 0x76, 0x8E,
    0x2F, 0x30, 0x2F, 0x30, 0x37, 0x38, 0x37, 0x38, 0x17, 0x18, 0x1B, 0x1C, 0x0B, 0x0C, 0x0F, 0x0C,
    0x10, 0x0F, 0x18, 0x07, 0x08, 0x07, 0x0C, 0x03, 0x06, 0x01, 0x03, 0x00, 0x01, 0x00, 0x00, 0x00,
    0x07, 0xFF, 0x07, 0xFF, 0x07, 0xFF, 0x07, 0xFF, 0x07, 0xFF, 0x07, 0xFF, 0x83, 0x7F, 0xE0, 0x1F,
    0xC0, 0xFF, 0xC0, 0xFF, 0xC0, 0xFF, 0xC0, 0xFF, 0xC0, 0xFF, 0xC1, 0xFE, 0x83, 0xFC, 0x0E, 0xF0,
    0x10, 0xE0, 0x30, 0xC0, 0x20, 0xC0, 0x60, 0x80, 0xC0, 0x00, 0x80, 0x00, 0x00, 0x00, 0x00, 0x00,
    0x40, 0x3F, 0x40, 0x3F, 0x60, 0x1F, 0x20, 0x1F, 0x30, 0x0F, 0x10, 0x0F, 0x18, 0x07, 0x08, 0x07,
    0x01, 0xFE, 0x01, 0xFE, 0x03, 0xFC, 0x02, 0xFC, 0x06, 0xF8, 0x04, 0xF8, 0x0C, 0xF0, 0x08, 0xF0,
    0xF4, 0x0C, 0xF4, 0x0C, 0xEC, 0x1C, 0xEC, 0x1C, 0xE8, 0x18, 0xD8, 0x38, 0xD0, 0x30, 0xF0, 0x30,
    0x05, 0x06, 0x06, 0x07, 0x02, 0x03, 0x03, 0x03, 0x01, 0x01, 0x00, 0x00, 0x00, 0x00, 0x00, 0x00,
    0x80, 0x00, 0xC0, 0x00, 0xC0, 0x00, 0x60, 0x80, 0x30, 0xC0, 0xB8, 0xC0, 0x5C, 0x60, 0x6E, 0x70,
    0x38, 0x07, 0x0F, 0x00, 0x01, 0x00, 0x00, 0x00, 0x00, 0x00, 0x00, 0x00, 0x00, 0x00, 0x00, 0x00,
    0x00, 0xFF, 0x01, 0xFE, 0xFF, 0x00, 0x00, 0x00, 0x00, 0x00, 0x00, 0x00, 0x00, 0x00, 0x00, 0x00,
    0x38, 0xC0, 0xE0, 0x00, 0x00, 0x00, 0x00, 0x00, 0x00, 0x00, 0x00, 0x00, 0x00, 0x00, 0x00, 0x00,
    0x0C, 0x03, 0x06, 0x01, 0x02, 0x01, 0x01, 0x00, 0x00, 0x00, 0x00, 0x00, 0x00, 0x00, 0x00, 0x00,
    0x00, 0xFF, 0x00, 0xFF, 0x00, 0xFF, 0x00, 0xFF, 0x80, 0x7F, 0x40, 0x3F, 0x30, 0x0F, 0x18, 0x07,
    0x00, 0xFF, 0x00, 0xFF, 0x00, 0xFF, 0x00, 0xFF, 0x00, 0xFF, 0x01, 0xFE, 0x06, 0xF8, 0x0C, 0xF0,
    0x01, 0xF8, 0x03, 0xF0, 0x03, 0xE0, 0x06, 0xC1, 0x0C, 0x83, 0x1D, 0x03, 0x3A, 0x06, 0x76, 0x0E,
    0xA0, 0x60, 0x60, 0xE0, 0x40, 0xC0, 0xC0, 0xC0, 0x80, 0x80, 0x00, 0x00, 0x00, 0x00, 0x00, 0x00,
    0x37, 0x38, 0x1B, 0x1C, 0x0C, 0x0F, 0x06, 0x07, 0x01, 0x01, 0x00, 0x00, 0x00, 0x00, 0x00, 0x00,
    0x00, 0x00, 0x80, 0x00, 0xC0, 0x00, 0x70, 0x80, 0xBC, 0xC0, 0xCF, 0xF0, 0x73, 0x7C, 0x1C, 0x1F,
    0x00, 0x00, 0x00, 0x00, 0x00, 0x00, 0x00, 0x00, 0x00, 0x00, 0x00, 0x00, 0xE0, 0x00, 0x7E, 0x80,
    0x00, 0x00, 0x00, 0x00, 0x00, 0x00, 0x00, 0x00, 0x00, 0x00, 0x01, 0x00, 0x07, 0x00, 0xFE, 0x01,
    0x00, 0x00, 0x03, 0x00, 0x07, 0x00, 0x1C, 0x03, 0x39, 0x07, 0xE6, 0x1E, 0x9C, 0x7C, 0x70, 0xF0,
    0xFF, 0x00, 0xFF, 0x00, 0x00, 0xFF, 0xFF, 0xFF, 0x80, 0x80, 0x00, 0x00, 0x00, 0x00, 0x00, 0x00,
    0xFF, 0x00, 0xFF, 0x00, 0x00, 0xFF, 0xFF, 0xFF, 0x00, 0x00, 0x00, 0x00, 0x00, 0x00, 0x00, 0x00,
    0xFF, 0x00, 0xFF, 0x00, 0x00, 0xFF, 0xFF, 0xFF, 0x01, 0x01, 0x00, 0x00, 0x00, 0x00, 0x00, 0x00,
    0xF0, 0x0F, 0xFC, 0x03, 0xFF, 0x00, 0x3F, 0xC0, 0x9F, 0xE0, 0x67, 0x78, 0x39, 0x3E, 0x0E, 0x0F,
    0x00, 0xFF, 0x80, 0x7F, 0xE0, 0x1F, 0x3E, 0x01, 0x07, 0x00, 0x00, 0x00, 0x00, 0x00, 0x80, 0x00,
    0x00, 0xFF, 0x00, 0xFF, 0x00, 0xFF, 0x00, 0xFF, 0xFF, 0x00, 0x00, 0x00, 0x00, 0x00, 0x00, 0x00,
    0x00, 0xFF, 0x00, 0xFF, 0x03, 0xFC, 0x3E, 0xC0, 0xF0, 0x00, 0x00, 0x00, 0x00, 0x00, 0x01, 0x00,
    0x00, 0xF8, 0x01, 0xE0, 0x03, 0x80, 0x0E, 0x01, 0x3D, 0x03, 0xF3, 0x0F, 0xCE, 0x3E, 0x38, 0xF8,
    0xEC, 0x1C, 0xD8, 0x38, 0x30, 0xF0, 0x60, 0xE0, 0x80, 0x80, 0x00, 0x00, 0x00, 0x00, 0x00, 0x00,
    0x07, 0x07, 0x01, 0x01, 0x00, 0x00, 0x00, 0x00, 0x00, 0x00, 0x00, 0x00, 0x00, 0x00, 0x00, 0x00,
    0x8F, 0xF0, 0xF0, 0xFF, 0x3F, 0x3F, 0x00, 0x00, 0x00, 0x00, 0x00, 0x00, 0x00, 0x00, 0x00, 0x00,
    0xFF, 0x00, 0x7C, 0x83, 0xFF, 0xFF, 0xFE, 0xFE, 0x00, 0x00, 0x00, 0x00, 0x00, 0x00, 0x00, 0x00,
    0xF1, 0x0F, 0x1F, 0xFF, 0xF8, 0xF8, 0x00, 0x00, 0x00, 0x00, 0x00, 0x00, 0x00, 0x00, 0x00, 0x00,
    0xC0, 0xC0, 0x00, 0x00, 0x00, 0x00, 0x00, 0x00, 0x00, 0x00, 0x00, 0x00, 0x00, 0x00, 0x00, 0x00,
    0x03, 0x03, 0x00, 0x00, 0x00, 0x00, 0x00, 0x00, 0x00, 0x00, 0x00, 0x00, 0x00, 0x00, 0x00, 0x00,
    0x8F, 0xF0, 0xF8, 0xFF, 0x1F, 0x1F, 0x00, 0x00, 0x00, 0x00, 0x00, 0x00, 0x00, 0x00, 0x00, 0x00,
    0xFF, 0x00, 0x3E, 0xC1, 0xFF, 0xFF, 0x7F, 0x7F, 0x00, 0x00, 0x00, 0x00, 0x00, 0x00, 0x00, 0x00,
    0xF1, 0x0F, 0x0F, 0xFF, 0xFC, 0xFC, 0x00, 0x00, 0x00, 0x00, 0x00, 0x00, 0x00, 0x00, 0x00, 0x00,
    0xE0, 0xE0, 0x80, 0x80, 0x00, 0x00, 0x00, 0x00, 0x00, 0x00, 0x00, 0x00, 0x00, 0x00, 0x00, 0x00,
    0xFF, 0x7F, 0x94, 0x56, 0x6B, 0x31, 0x42, 0x0C, 0xB1, 0x6D, 0x30, 0x4A, 0xC8, 0x40, 0x64, 0x24,
    0x9D, 0x7F, 0xD7, 0x7A, 0x30, 0x4A, 0x8D, 0x4D, 0xFF, 0x7F, 0x30, 0x4A, 0x6B, 0x31, 0x42, 0x0C,
    0xFF, 0x7F, 0x7B, 0x6F, 0x6B, 0x31, 0x42, 0x0C, 0xFF, 0x7F, 0x38, 0x67, 0x94, 0x56, 0x42, 0x0C,
    0x7B, 0x6F, 0x94, 0x56, 0x30, 0x4A, 0x42, 0x0C, 0x7B, 0x6F, 0x38, 0x67, 0x94, 0x56, 0x42, 0x0C,
    0x64, 0x64, 0x64, 0x64, 0x64, 0x64, 0x64, 0x64, 0x64, 0x64, 0x64, 0x64, 0x64, 0x64, 0x64, 0x64,
    0x64, 0x64, 0x64, 0x64, 0x64, 0x64, 0x64, 0x64, 0x64, 0x64, 0x64, 0x64, 0x64, 0x64, 0x64, 0x64,
    0x64, 0x64, 0x64, 0x64, 0x64, 0x64, 0x64, 0x64, 0x64, 0x64, 0x64, 0x64, 0x64, 0x64, 0x64, 0x64,
    0x64, 0x64, 0x64, 0x64, 0x64, 0x64, 0x64, 0x64, 0x64, 0x64, 0x64, 0x64, 0x64, 0x64, 0x64, 0x64,
    0x64, 0x64, 0x64, 0x64, 0x64, 0x64, 0x64, 0x64, 0x64, 0x64, 0x64, 0x64, 0x64, 0x64, 0x64, 0x64,
    0x64, 0x64, 0x00, 0x02, 0x04, 0x04, 0x06, 0x65, 0x65, 0x65, 0x65, 0x65, 0x65, 0x08, 0x04, 0x04,
    0x0A, 0x0C, 0x64, 0x64, 0x64, 0x66, 0x0E, 0x67, 0x68, 0x68, 0x69, 0x6A, 0x6A, 0x6A, 0x6A, 0x6A,
    0x6A, 0x6B, 0x6C, 0x6D, 0x6E, 0x10, 0x6F, 0x64, 0x70, 0x71, 0x72, 0x73, 0x74, 0x75, 0x68, 0x68,
    0x68, 0x68, 0x68, 0x68, 0x76, 0x77, 0x78, 0x12, 0x78, 0x79, 0x7A, 0x7B, 0x7C, 0x7D, 0x7E, 0x7F,
    0x14, 0x80, 0x81, 0x68, 0x68, 0x68, 0x68, 0x68, 0x82, 0x78, 0x16, 0x18, 0x1A, 0x78, 0x83, 0x84,
    0x85, 0x68, 0x86, 0x1C, 0x1E, 0x20, 0x87, 0x68, 0x68, 0x68, 0x68, 0x68, 0x22, 0x24, 0x26, 0x2A,
    0x2C, 0x30, 0x32, 0x88, 0x89, 0x68, 0x8A, 0x34, 0x36, 0x38, 0x8B, 0x3A, 0x3C, 0x8C, 0x3E, 0x8D,
    0x40, 0x42, 0x44, 0x46, 0x48, 0x4C, 0x4E, 0x8E, 0x8F, 0x68, 0x90, 0x91, 0x50, 0x92, 0x93, 0x52,
    0x54, 0x56, 0x58, 0x68, 0x94, 0x78, 0x5A, 0x5C, 0x5E, 0x78, 0x95, 0x96, 0x97, 0x98, 0x68, 0x99,
    0x9A, 0x9B, 0x68, 0x68, 0x68, 0x68, 0x68, 0x68, 0x9C, 0x9D, 0x78, 0x60, 0x62, 0x9E, 0x9F, 0xA0,
    0x64, 0xA1, 0xA2, 0xA3, 0x68, 0xA4, 0xA5, 0xA6, 0xA7, 0xA7, 0xA7, 0xA7, 0xA8, 0xA9, 0xAA, 0xAB,
    0xAC, 0xAD, 0xAE, 0x64, 0x64, 0x64, 0xAF, 0xB0, 0xB1, 0xB2, 0xB3, 0x64, 0x64, 0x64, 0x64, 0x64,
    0x64, 0xB4, 0xB5, 0xB6, 0xB7, 0xB8, 0x64, 0x64, 0x64, 0x64, 0x64, 0x64, 0x64, 0x64, 0x64, 0x64,
    0x64, 0x64, 0x64, 0x64, 0x64, 0x64, 0x64, 0x64, 0x64, 0x64, 0x64, 0x64, 0x64, 0x64, 0x64, 0x64,
    0x64, 0x64, 0x64, 0x64, 0x64, 0x64, 0x64, 0x64, 0x64, 0x64, 0x64, 0x64, 0x64, 0x64, 0x64, 0x64,
    0x64, 0x64, 0x64, 0x64, 0x64, 0x64, 0x64, 0x64, 0x64, 0x64, 0x64, 0x64, 0x64, 0x64, 0x64, 0x64,
    0x64, 0x64, 0x64, 0x64, 0x64, 0x64, 0x64, 0x64, 0x64, 0x64, 0x64, 0x64, 0x64, 0x64, 0x64, 0x64,
    0x00, 0x00, 0x00, 0x00, 0x00, 0x00, 0x00, 0x00, 0x08, 0x08, 0x08, 0x08, 0x08, 0x08, 0x08, 0x08,
    0x08, 0x08, 0x08, 0x08, 0x08, 0x08, 0x08, 0x08, 0x08, 0x08, 0x08, 0x08, 0x08, 0x08, 0x08, 0x08,
    0x08, 0x08, 0x08, 0x08, 0x08, 0x08, 0x08, 0x08, 0x08, 0x08, 0x08, 0x08, 0x08, 0x08, 0x08, 0x08,
    0x08, 0x08, 0x08, 0x08, 0x08, 0x08, 0x08, 0x08, 0x08, 0x08, 0x08, 0x08, 0x08, 0x08, 0x08, 0x08,
    0x08, 0x08, 0x08, 0x08, 0x08, 0x08, 0x08, 0x08, 0x08, 0x08, 0x08, 0x08, 0x08, 0x08, 0x08, 0x08,
    0x08, 0x08, 0x08, 0x08, 0x08, 0x08, 0x08, 0x08, 0x08, 0x08, 0x08, 0x08, 0x08, 0x08, 0x0C, 0x08,
    0x08, 0x08, 0x08, 0x08, 0x08, 0x0C, 0x08, 0x08, 0x08, 0x08, 0x08, 0x08, 0x08, 0x0D, 0x0C, 0x0C,
    0x0C, 0x0C, 0x0F, 0x0F, 0x0F, 0x0F, 0x0F, 0x0F, 0x0F, 0x0F, 0x0E, 0x0E, 0x0E, 0x0C, 0x0D, 0x08,
    0x08, 0x0F, 0x0F, 0x0E, 0x0E, 0x0E, 0x0C, 0x0C, 0x0C, 0x0C, 0x0C, 0x0C, 0x0E, 0x0E, 0x09, 0x0A,
    0x09, 0x0E, 0x0D, 0x08, 0x0D, 0x0F, 0x0E, 0x0E, 0x0B, 0x0E, 0x0E, 0x0C, 0x0C, 0x0C, 0x0C, 0x0C,
    0x0E, 0x09, 0x0A, 0x0A, 0x0A, 0x09, 0x0E, 0x0D, 0x0D, 0x0C, 0x0E, 0x0B, 0x0B, 0x0B, 0x0E, 0x0C,
    0x0C, 0x0C, 0x0C, 0x0C, 0x0A, 0x0A, 0x0A, 0x0A, 0x09, 0x09, 0x09, 0x0D, 0x0F, 0x0C, 0x0E, 0x0B,
    0x0B, 0x0B, 0x0E, 0x0C, 0x0C, 0x0C, 0x0C, 0x0C, 0x0A, 0x0A, 0x0A, 0x09, 0x09, 0x09, 0x09, 0x0D,
    0x0D, 0x0C, 0x0E, 0x0E, 0x0B, 0x0E, 0x0E, 0x0C, 0x0C, 0x0C, 0x0C, 0x0C, 0x0E, 0x09, 0x09, 0x09,
    0x09, 0x09, 0x0E, 0x0D, 0x0D, 0x0F, 0x0C, 0x0E, 0x0E, 0x0E, 0x0C, 0x0C, 0x0C, 0x0C, 0x0C, 0x0C,
    0x0E, 0x0E, 0x09, 0x09, 0x09, 0x0E, 0x0F, 0x0D, 0x08, 0x0D, 0x0F, 0x0F, 0x0C, 0x0F, 0x0F, 0x0D,
    0x0D, 0x0D, 0x0D, 0x0D, 0x0D, 0x0D, 0x0E, 0x0E, 0x0E, 0x0F, 0x0D, 0x08, 0x08, 0x08, 0x08, 0x0D,
    0x0D, 0x0D, 0x08, 0x08, 0x08, 0x08, 0x08, 0x08, 0x08, 0x08, 0x0D, 0x0D, 0x0D, 0x08, 0x08, 0x08,
    0x08, 0x08, 0x08, 0x08, 0x08, 0x08, 0x08, 0x08, 0x08, 0x08, 0x08, 0x08, 0x08, 0x08, 0x08, 0x08,
    0x08, 0x08, 0x08, 0x08, 0x08, 0x08, 0x08, 0x08, 0x08, 0x08, 0x08, 0x08, 0x08, 0x08, 0x08, 0x08,
    0x08, 0x08, 0x08, 0x08, 0x08, 0x08, 0x08, 0x08, 0x08, 0x08, 0x08, 0x08, 0x08, 0x08, 0x08, 0x08,
    0x08, 0x08, 0x08, 0x08, 0x08, 0x08, 0x08, 0x08, 0x08, 0x08, 0x08, 0x08, 0x08, 0x08, 0x08, 0x08,
    0x08, 0x08, 0x08, 0x08, 0x08, 0x08, 0x08, 0x08, 0x00, 0x00, 0x00, 0x00, 0x00, 0x00, 0x00, 0x00,
    0x02, 0x03, 0x04, 0x05, 0x06, 0x0D, 0x0E, 0x0F, 0x10, 0x11, 0x02, 0x11, 0x0F, 0x04, 0x0E, 0x0F,
    0x10, 0x03, 0x04, 0x05, 0x0C, 0x0D, 0x0E, 0x0F, 0x10, 0x11, 0x12, 0x03, 0x04, 0x05, 0x07, 0x08,
    0x0A, 0x0C, 0x0D, 0x0E, 0x0F, 0x10, 0x11, 0x12, 0x04, 0x07, 0x08, 0x09, 0x0A, 0x0E, 0x0F, 0x10,
    0x0F, 0x10, 0x04, 0x04, 0x04, 0x04, 0x04, 0x04, 0x04, 0x04, 0x04, 0x04, 0x05, 0x05, 0x06, 0x07,
    0x07, 0x07, 0x07, 0x08, 0x08, 0x08, 0x08, 0x08, 0x08, 0x08, 0x08, 0x08, 0x08, 0x09, 0x09, 0x09,
    0x09, 0x09, 0x09, 0x09, 0x09, 0x09, 0x09, 0x09, 0x09, 0x09, 0x0A, 0x0A, 0x0A, 0x0A, 0x0A, 0x0A,
    0x0A, 0x0A, 0x0B, 0x0B, 0x01, 0x01, 0x01, 0x01, 0x01, 0x01, 0x01, 0x01, 0x01, 0x01, 0x01, 0x01,
    0x01, 0x01, 0x01, 0x01, 0x01, 0x01, 0x01, 0x01, 0x01, 0x01, 0x02, 0x01, 0x02, 0x01, 0x01, 0x01,
    0x01, 0x01, 0x01, 0x01, 0x01, 0x01, 0x01, 0x02, 0x01, 0x02, 0x01, 0x01, 0x01, 0x01, 0x01, 0x01,
    0x01, 0x01, 0x01, 0x01, 0x01, 0x01, 0x00, 0x01, 0x02, 0x03, 0x04, 0x05, 0x06, 0x07, 0x08, 0x09,
    0x0A, 0x0B, 0x0C, 0x0D, 0x0E, 0x0F, 0x10, 0x11, 0x12, 0x13, 0x14, 0x15, 0x16, 0x18, 0x19, 0x1B,
    0x1C, 0x1D, 0x1E, 0x1F, 0x20, 0x21, 0x22, 0x23, 0x24, 0x25, 0x27, 0x28, 0x2A, 0x2B, 0x2C, 0x2D,
    0x2E, 0x2F, 0x30, 0x31, 0x32, 0x33, 0x34, 0x35, 0x00, 0x00, 0x00, 0x00, 0x00, 0x01, 0x01, 0x01,
    0x01, 0x01, 0x00, 0x01, 0x09, 0x02, 0x09, 0x09, 0x09, 0x04, 0x02, 0x05, 0x08, 0x08, 0x08, 0x09,
    0x09, 0x09, 0x0B, 0x0B, 0x0B, 0x04, 0x03, 0x05, 0x06, 0x06, 0x07, 0x08, 0x08, 0x08, 0x0A, 0x0A,
    0x0A, 0x0B, 0x0B, 0x0B, 0x03, 0x06, 0x06, 0x07, 0x07, 0x0A, 0x0A, 0x0A, 0x0A, 0x0A, 0x00, 0x00,
    0x02, 0x00, 0x04, 0x00, 0x06, 0x00, 0x08, 0x00, 0x0A, 0x00, 0x0C, 0x00, 0x0E, 0x00, 0x10, 0x00,
    0x12, 0x00, 0x14, 0x00, 0x16, 0x00, 0x18, 0x00, 0x1A, 0x00, 0x1C, 0x00, 0x1E, 0x00, 0x20, 0x00,
    0x22, 0x00, 0x24, 0x00, 0x26, 0x00, 0x28, 0x00, 0x2A, 0x00, 0x2C, 0x00, 0x30, 0x00, 0x32, 0x00,
    0x36, 0x00, 0x38, 0x00, 0x3A, 0x00, 0x3C, 0x00, 0x3E, 0x00, 0x40, 0x00, 0x42, 0x00, 0x44, 0x00,
    0x46, 0x00, 0x48, 0x00, 0x4A, 0x00, 0x4E, 0x00, 0x50, 0x00, 0x54, 0x00, 0x56, 0x00, 0x58, 0x00,
    0x5A, 0x00, 0x5C, 0x00, 0x5E, 0x00, 0x60, 0x00, 0x62, 0x00, 0x64, 0x00, 0x66, 0x00, 0x68, 0x00,
    0x6A, 0x00, 0x00, 0x01, 0x02, 0x03, 0x04, 0x05, 0x04, 0x05, 0x06, 0x07, 0x08, 0x09, 0x04, 0x05,
    0x04, 0x05, 0x0A, 0x0B, 0x0C, 0x0D, 0x0E, 0x0F, 0x10, 0x11, 0x12, 0x13, 0x14, 0x15, 0x16, 0x17,
    0x18, 0x19, 0x1A, 0x1B, 0x1C, 0x1D, 0x1E, 0x1F, 0x20, 0x21, 0x22, 0x23, 0x24, 0x25, 0x26, 0x27,
    0x28, 0x29, 0x2A, 0x2B, 0x2C, 0x2D, 0x2E, 0x2F, 0x30, 0x31, 0x32, 0x33, 0x34, 0x35, 0x36, 0x37,
    0x38, 0x39, 0x3A, 0x3B, 0x3C, 0x3D, 0x3E, 0x3F, 0x40, 0x41, 0x42, 0x43, 0x44, 0x45, 0x44, 0x45,
    0x46, 0x47, 0x48, 0x49, 0x4A, 0x4B, 0x4C, 0x4D, 0x4E, 0x4F, 0x50, 0x51, 0x52, 0x53, 0x54, 0x55,
    0x56, 0x57, 0x58, 0x59, 0x5A, 0x5B, 0x5C, 0x5D, 0x5E, 0x5F, 0x60, 0x61, 0x62, 0x63, 0x0A, 0x0B,
    0x02, 0x03, 0x01, 0x00, 0x06, 0x07, 0x09, 0x08, 0x05, 0x04, 0x00, 0x06, 0x0C, 0x0E, 0x10, 0x12,
    0x14, 0x18, 0x1B, 0x21, 0x28, 0x30, 0x36, 0x00, 0x01, 0x02, 0x03, 0x04, 0x0A, 0x05, 0x06, 0x07,
    0x08, 0x09, 0x0B, 0x0D, 0x12, 0x1C, 0x28, 0x11, 0x1B, 0x13, 0x1D, 0x1E, 0x1F, 0x29, 0x2A, 0x20,
    0x2B, 0x2C, 0x14, 0x15, 0x16, 0x21, 0x22, 0x23, 0x0C, 0x0E, 0x0F, 0x10, 0x16, 0x17, 0x18, 0x23,
    0x24, 0x25, 0x2D, 0x2E, 0x2F, 0x30, 0x31, 0x18, 0x19, 0x1A, 0x25, 0x26, 0x27,
};

// k_art_vis: 3877 bytes
static const uint8_t __in_flash("padart") k_art_vis[3877] = {
    0x47, 0x41, 0x01, 0x12, 0x40, 0xA2, 0x08, 0x0A, 0x28, 0x14, 0x12, 0x0C, 0x11, 0x02, 0x40, 0x00,
    0x60, 0x0A, 0xA0, 0x0A, 0x08, 0x0C, 0x70, 0x0D, 0x98, 0x0D, 0xC0, 0x0D, 0xE8, 0x0D, 0x10, 0x0E,
    0x3C, 0x0E, 0x8C, 0x0E, 0xE4, 0x0E, 0xEE, 0x0E, 0xF9, 0x0E, 0x25, 0x0F, 0x00, 0x00, 0x00, 0x00,
    0x00, 0x00, 0x00, 0x00, 0x00, 0x00, 0x00, 0x00, 0x00, 0x00, 0x00, 0x00, 0x00, 0x00, 0x00, 0x00,
    0xFF, 0xFF, 0xFF, 0xFF, 0xFF, 0xFF, 0xFF, 0xFF, 0xFF, 0xFF, 0xFF, 0xFF, 0xFF, 0x9F, 0xFF, 0x0F,
    0xFF, 0xFF, 0xFF, 0xFF, 0xFF, 0xFF, 0xFF, 0xFF, 0xFF, 0xFF, 0xFF, 0xFF, 0x9F, 0x9F, 0x0F, 0x0F,
    0xFF, 0xFE, 0xFF, 0xFF, 0xFF, 0xFF, 0xFE, 0xFF, 0xF0, 0xFF, 0xC0, 0xFF, 0x80, 0xFF, 0x00, 0xFE,
    0xFF, 0x07, 0xFF, 0xFF, 0xFF, 0xFF, 0x07, 0xFF, 0x00, 0xFF, 0x00, 0xFF, 0x00, 0xFF, 0x00, 0x07,
    0xFF, 0xFF, 0xFF, 0xFF, 0xFF, 0xFF, 0xFF, 0xFF, 0xFF, 0xFF, 0xFF, 0xFF, 0xFF, 0xFF, 0xFE, 0xFF,
    0xFF, 0xFF, 0xFF, 0xFF, 0xFF, 0xFF, 0xFF, 0xFF, 0xFF, 0xFF, 0xFF, 0xFF, 0xFF, 0xFF, 0xFF, 0xFE,
    0xFF, 0xFF, 0xF8, 0xFF, 0xE0, 0xFF, 0xC7, 0xF0, 0x87, 0xE0, 0x07, 0xC0, 0x07, 0x80, 0x7F, 0x80,
    0xFF, 0xFF, 0xFF, 0xF8, 0xFF, 0xE0, 0xF0, 0xC0, 0xE0, 0x80, 0xC0, 0x00, 0x80, 0x00, 0x80, 0x00,
    0xFF, 0xFF, 0xFF, 0xFF, 0x7F, 0xFF, 0xBF, 0x7F, 0xDF, 0x3F, 0xCF, 0x3F, 0xEF, 0x1F, 0xEF, 0x1F,
    0xFF, 0xFF, 0xFF, 0xFF, 0xFF, 0x7F, 0x7F, 0x3F, 0x3F, 0x1F, 0x3F, 0x0F, 0x1F, 0x0F, 0x1F, 0x0F,
    0xFF, 0xFF, 0xF1, 0xFF, 0xE0, 0xFF, 0xC3, 0xE0, 0xA1, 0xC0, 0x21, 0xC0, 0x61, 0x80, 0x7F, 0x80,
    0xFF, 0xFF, 0xFF, 0xF1, 0xFF, 0xE0, 0xE0, 0xC0, 0xC0, 0x80, 0xC0, 0x00, 0x80, 0x00, 0x80, 0x00,
    0xFF, 0xFF, 0xFF, 0xFF, 0x7F, 0xFF, 0x3F, 0xFF, 0x9F, 0x7F, 0xCF, 0x3F, 0xEF, 0x1F, 0xE7, 0x1F,
    0xFF, 0xFF, 0xFF, 0xFF, 0xFF, 0x7F, 0xFF, 0x3F, 0x7F, 0x1F, 0x3F, 0x0F, 0x1F, 0x0F, 0x1F, 0x07,
    0xFE, 0xFF, 0xFE, 0xFF, 0xFC, 0xFF, 0xFC, 0xFF, 0xFC, 0xFF, 0xF8, 0xDF, 0xF8, 0x9F, 0xF8, 0x1F,
    0xFE, 0xFF, 0xFE, 0xFF, 0xFC, 0xFF, 0xFC, 0xFF, 0xFC, 0xFF, 0xD8, 0xDF, 0x98, 0x9F, 0x18, 0x1F,
    0x01, 0xFE, 0x01, 0xFE, 0x01, 0xFE, 0x01, 0xFE, 0x00, 0xFF, 0x7C, 0x83, 0x7C, 0x83, 0x7C, 0x83,
    0x00, 0xFE, 0x00, 0xFE, 0x00, 0xFE, 0x00, 0xFE, 0x00, 0xFF, 0x7C, 0x83, 0x7C, 0x83, 0x7C, 0x83,
    0x01, 0xFE, 0x01, 0xFE, 0x01, 0xFE, 0x01, 0xFE, 0x00, 0xFF, 0x00, 0x83, 0x00, 0x83, 0x00, 0x83,
    0x00, 0xFE, 0x00, 0xFE, 0x00, 0xFE, 0x00, 0xFE, 0x00, 0xFF, 0x00, 0x83, 0x00, 0x83, 0x00, 0x83,
    0xF8, 0x07, 0xF8, 0x07, 0xF8, 0x07, 0xF8, 0x07, 0x00, 0xFF, 0x03, 0xFC, 0x03, 0xFC, 0x03, 0xFC,
    0x00, 0x07, 0x00, 0x07, 0x00, 0x07, 0x00, 0x07, 0x00, 0xFF, 0x03, 0xFC, 0x03, 0xFC, 0x03, 0xFC,
    0xF8, 0x07, 0xF8, 0x07, 0xF8, 0x07, 0xF8, 0x07, 0x00, 0xFF, 0x00, 0xFC, 0x00, 0xFC, 0x00, 0xFC,
    0x00, 0x07, 0x00, 0x07, 0x00, 0x07, 0x00, 0x07, 0x00, 0xFF, 0x00, 0xFC, 0x00, 0xFC, 0x00, 0xFC,
    0x07, 0xFF, 0x07, 0xFF, 0x03, 0xFF, 0x03, 0xFF, 0x03, 0xFF, 0xE1, 0x1F, 0xE1, 0x1F, 0xE1, 0x1F,
    0x07, 0xFF, 0x07, 0xFF, 0x03, 0xFF, 0x03, 0xFF, 0x03, 0xFF, 0x01, 0x1F, 0x01, 0x1F, 0x01, 0x1F,
    0xFF, 0xFF, 0xFF, 0xFF, 0xFF, 0xFF, 0xFF, 0xFF, 0xFF, 0xFF, 0xFF, 0xBF, 0xFF, 0x9F, 0xFF, 0x8F,
    0xFF, 0xFF, 0xFF, 0xFF, 0xFF, 0xFF, 0xFF, 0xFF, 0xFF, 0xFF, 0xBF, 0xBF, 0x9F, 0x9F, 0x8F, 0x8F,
    0xFE, 0xFF, 0xFE, 0xFF, 0xFF, 0xFF, 0xFF, 0xFF, 0xFF, 0xFF, 0xFF, 0xFF, 0xFF, 0xFF, 0xFF, 0xFF,
    0xFF, 0xFE, 0xFF, 0xFE, 0xFF, 0xFF, 0xFF, 0xFF, 0xFF, 0xFF, 0xFF, 0xFF, 0xFF, 0xFF, 0xFF, 0xFF,
    0x7F, 0x80, 0x7F, 0x80, 0x7F, 0x80, 0xBF, 0xC0, 0xCF, 0xF0, 0xE0, 0xFF, 0xFF, 0xFF, 0xFF, 0xFF,
    0x80, 0x00, 0x80, 0x00, 0x80, 0x00, 0xC0, 0x80, 0xF0, 0xC0, 0xFF, 0xE0, 0xFF, 0xFF, 0xFF, 0xFF,
    0xEF, 0x1F, 0xEF, 0x1F, 0xEF, 0x1F, 0xCF, 0x3F, 0x9F, 0x7F, 0x3F, 0xFF, 0xFF, 0xFF, 0xFF, 0xFF,
    0x1F, 0x0F, 0x1F, 0x0F, 0x1F, 0x0F, 0x3F, 0x0F, 0x7F, 0x1F, 0xFF, 0x3F, 0xFF, 0xFF, 0xFF, 0xFF,
    0x7F, 0x80, 0x7F, 0x80, 0x7F, 0x80, 0x3F, 0xC0, 0x9F, 0xE0, 0xC0, 0xFF, 0xFF, 0xFF, 0xFF, 0xFF,
    0x80, 0x00, 0x80, 0x00, 0x80, 0x00, 0xC0, 0x00, 0xE0, 0x80, 0xFF, 0xC0, 0xFF, 0xFF, 0xFF, 0xFF,
    0xE7, 0x1F, 0xE7, 0x1F, 0xEF, 0x1F, 0xDF, 0x3F, 0x3F, 0xFF, 0x7F, 0xFF, 0xFF, 0xFF, 0xFF, 0xFF,
    0x1F, 0x07, 0x1F, 0x07, 0x1F, 0x0F, 0x3F, 0x1F, 0xFF, 0x3F, 0xFF, 0x7F, 0xFF, 0xFF, 0xFF, 0xFF,
    0xF8, 0x1F, 0xF8, 0x9F, 0xF8, 0xDF, 0xFC, 0xFF, 0xFC, 0xFF, 0xFC, 0xFF, 0xFE, 0xFF, 0xFE, 0xFF,
    0x18, 0x1F, 0x98, 0x9F, 0xD8, 0xDF, 0xFC, 0xFF, 0xFC, 0xFF, 0xFC, 0xFF, 0xFE, 0xFF, 0xFE, 0xFF,
    0x7C, 0x83, 0x7C, 0x83, 0x7C, 0x83, 0x00, 0xFF, 0x01, 0xFE, 0x01, 0xFE, 0x01, 0xFE, 0x01, 0xFE,
    0x7C, 0x83, 0x7C, 0x83, 0x7C, 0x83, 0x00, 0xFF, 0x00, 0xFE, 0x00, 0xFE, 0x00, 0xFE, 0x00, 0xFE,
    0x00, 0x83, 0x00, 0x83, 0x00, 0x83, 0x00, 0xFF, 0x01, 0xFE, 0x01, 0xFE, 0x01, 0xFE, 0x01, 0xFE,
    0x00, 0x83, 0x00, 0x83, 0x00, 0x83, 0x00, 0xFF, 0x00, 0xFE, 0x00, 0xFE, 0x00, 0xFE, 0x00, 0xFE,
    0x03, 0xFC, 0x03, 0xFC, 0x03, 0xFC, 0x00, 0xFF, 0xF8, 0x07, 0xF8, 0x07, 0xF8, 0x07, 0xF8, 0x07,
    0x03, 0xFC, 0x03, 0xFC, 0x03, 0xFC, 0x00, 0xFF, 0x00, 0x07, 0x00, 0x07, 0x00, 0x07, 0x00, 0x07,
    0x00, 0xFC, 0x00, 0xFC, 0x00, 0xFC, 0x00, 0xFF, 0xF8, 0x07, 0xF8, 0x07, 0xF8, 0x07, 0xF8, 0x07,
    0x00, 0xFC, 0x00, 0xFC, 0x00, 0xFC, 0x00, 0xFF, 0x00, 0x07, 0x00, 0x07, 0x00, 0x07, 0x00, 0x07,
    0xE1, 0x1F, 0xE1, 0x1F, 0xE1, 0x1F, 0x03, 0xFF, 0x03, 0xFF, 0x03, 0xFF, 0x07, 0xFF, 0x07, 0xFF,
    0x01, 0x1F, 0x01, 0x1F, 0x01, 0x1F, 0x03, 0xFF, 0x03, 0xFF, 0x03, 0xFF, 0x07, 0xFF, 0x07, 0xFF,
    0xFF, 0x8F, 0xFF, 0x9F, 0xFF, 0xBF, 0xFF, 0xFF, 0xFF, 0xFF, 0xFF, 0xFF, 0xFF, 0xFF, 0xFF, 0xFF,
    0x8F, 0x8F, 0x9F, 0x9F, 0xBF, 0xBF, 0xFF, 0xFF, 0xFF, 0xFF, 0xFF, 0xFF, 0xFF, 0xFF, 0xFF, 0xFF,
    0x07, 0xF8, 0x07, 0xFB, 0x07, 0xFB, 0x07, 0xF8, 0x00, 0xFF, 0x00, 0xFF, 0x00, 0xFF, 0x00, 0xFF,
    0x07, 0xF8, 0x04, 0xF8, 0x04, 0xF8, 0x07, 0xF8, 0x00, 0xFF, 0x00, 0xFF, 0x00, 0xFF, 0x00, 0xFF,
    0xFF, 0x00, 0xFF, 0xFF, 0xFF, 0xFF, 0xFF, 0x00, 0x00, 0xFF, 0x00, 0xFF, 0x00, 0xFF, 0x00, 0xFF,
    0xFF, 0x00, 0x00, 0x00, 0x00, 0x00, 0xFF, 0x00, 0x00, 0xFF, 0x00, 0xFF, 0x00, 0xFF, 0x00, 0xFF,
    0xE0, 0x1F, 0xE0, 0xDF, 0xE0, 0xDF, 0xE0, 0x1F, 0x00, 0xFF, 0x00, 0xFF, 0x00, 0xFF, 0x00, 0xFF,
    0xE0, 0x1F, 0x20, 0x1F, 0x20, 0x1F, 0xE0, 0x1F, 0x00, 0xFF, 0x00, 0xFF, 0x00, 0xFF, 0x00, 0xFF,
    0xFF, 0xFF, 0xFF, 0xFF, 0xFF, 0xFF, 0xFF, 0xFF, 0xFF, 0xFF, 0xFF, 0xFF, 0xFE, 0xFF, 0xFE, 0xFF,
    0xFF, 0xFF, 0xFF, 0xFF, 0xFF, 0xFF, 0xFF, 0xFF, 0xFF, 0xFF, 0xFF, 0xFF, 0xFF, 0xFE, 0xFF, 0xFE,
    0xFF, 0xFF, 0xFF, 0xFF, 0xE0, 0xFF, 0xCF, 0xF0, 0xBF, 0xC0, 0x07, 0x80, 0x07, 0x80, 0x07, 0x80,
    0xFF, 0xFF, 0xFF, 0xFF, 0xFF, 0xE0, 0xF0, 0xC0, 0xC0, 0x80, 0x80, 0x00, 0x80, 0x00, 0x80, 0x00,
    0xFF, 0xFF, 0xFF, 0xFF, 0x3F, 0xFF, 0x9F, 0x7F, 0xCF, 0x3F, 0xEF, 0x1F, 0xEF, 0x1F, 0xEF, 0x1F,
    0xFF, 0xFF, 0xFF, 0xFF, 0xFF, 0x3F, 0x7F, 0x1F, 0x3F, 0x0F, 0x1F, 0x0F, 0x1F, 0x0F, 0x1F, 0x0F,
    0xFF, 0xFF, 0xFF, 0xFF, 0xC0, 0xFF, 0x9F, 0xE0, 0x3F, 0xC0, 0x61, 0x80, 0x61, 0x80, 0x61, 0x80,
    0xFF, 0xFF, 0xFF, 0xFF, 0xFF, 0xC0, 0xE0, 0x80, 0xC0, 0x00, 0x80, 0x00, 0x80, 0x00, 0x80, 0x00,
    0xFF, 0xFF, 0xFF, 0xFF, 0x7F, 0xFF, 0x3F, 0xFF, 0xDF, 0x3F, 0xEF, 0x1F, 0xE7, 0x1F, 0xE7, 0x1F,
    0xFF, 0xFF, 0xFF, 0xFF, 0xFF, 0x7F, 0xFF, 0x3F, 0x3F, 0x1F, 0x1F, 0x0F, 0x1F, 0x07, 0x1F, 0x07,
    0x00, 0xFE, 0x80, 0xFF, 0xC0, 0xFF, 0xF0, 0xFF, 0xFE, 0xFF, 0xFF, 0xFF, 0xFF, 0xFF, 0xFF, 0xFE,
    0x00, 0x07, 0x00, 0xFF, 0x00, 0xFF, 0x00, 0xFF, 0x07, 0xFF, 0xFF, 0xFF, 0xFF, 0xFF, 0xFF, 0x07,
    0xFE, 0xFF, 0xFF, 0xFF, 0xFF, 0xFF, 0xFF, 0xFF, 0xFF, 0xFF, 0xFF, 0xFF, 0xFF, 0xFF, 0xFF, 0xFF,
    0xFF, 0xFE, 0xFF, 0xFF, 0xFF, 0xFF, 0xFF, 0xFF, 0xFF, 0xFF, 0xFF, 0xFF, 0xFF, 0xFF, 0xFF, 0xFF,
    0x47, 0x80, 0x7F, 0x80, 0x3F, 0xC0, 0x9F, 0xE0, 0xCF, 0xF0, 0xE0, 0xFF, 0xF8, 0xFF, 0xFF, 0xFF,
    0x80, 0x00, 0x80, 0x00, 0xC0, 0x00, 0xE0, 0x80, 0xF0, 0xC0, 0xFF, 0xE0, 0xFF, 0xF8, 0xFF, 0xFF,
    0xEF, 0x1F, 0xEF, 0x1F, 0xCF, 0x3F, 0xDF, 0x3F, 0xBF, 0x7F, 0x7F, 0xFF, 0xFF, 0xFF, 0xFF, 0xFF,
    0x1F, 0x0F, 0x1F, 0x0F, 0x3F, 0x0F, 0x3F, 0x1F, 0x7F, 0x3F, 0xFF, 0x7F, 0xFF, 0xFF, 0xFF, 0xFF,
    0x63, 0x80, 0x7F, 0x80, 0x3F, 0xC0, 0xBF, 0xC0, 0xDF, 0xE0, 0xE0, 0xFF, 0xF1, 0xFF, 0xFF, 0xFF,
    0x80, 0x00, 0x80, 0x00, 0xC0, 0x00, 0xC0, 0x80, 0xE0, 0xC0, 0xFF, 0xE0, 0xFF, 0xF1, 0xFF, 0xFF,
    0xE7, 0x1F, 0xEF, 0x1F, 0xCF, 0x3F, 0x9F, 0x7F, 0x3F, 0xFF, 0x7F, 0xFF, 0xFF, 0xFF, 0xFF, 0xFF,
    0x1F, 0x07, 0x1F, 0x0F, 0x3F, 0x0F, 0x7F, 0x1F, 0xFF, 0x3F, 0xFF, 0x7F, 0xFF, 0xFF, 0xFF, 0xFF,
    0xFF, 0x0F, 0xFF, 0x9F, 0xFF, 0xFF, 0xFF, 0xFF, 0xFF, 0xFF, 0xFF, 0xFF, 0xFF, 0xFF, 0xFF, 0xFF,
    0x0F, 0x0F, 0x9F, 0x9F, 0xFF, 0xFF, 0xFF, 0xFF, 0xFF, 0xFF, 0xFF, 0xFF, 0xFF, 0xFF, 0xFF, 0xFF,
    0x00, 0x00, 0x00, 0x00, 0x00, 0x00, 0x00, 0x00, 0x00, 0x00, 0x00, 0x00, 0x00, 0x00, 0x00, 0x00,
    0x00, 0x00, 0x00, 0x00, 0x00, 0x00, 0x00, 0x00, 0x00, 0x00, 0x00, 0x00, 0x00, 0x00, 0x3F, 0x3F,
    0x00, 0x00, 0x00, 0x00, 0x00, 0x00, 0x00, 0x00, 0x00, 0x00, 0x00, 0x00, 0x00, 0x00, 0xFF, 0xFF,
    0x00, 0x00, 0x00, 0x00, 0x00, 0x00, 0x00, 0x00, 0x00, 0x00, 0x00, 0x00, 0x00, 0x00, 0xFE, 0xFE,
    0x00, 0x00, 0x00, 0x00, 0x00, 0x00, 0x00, 0x00, 0x00, 0x00, 0x01, 0x01, 0x03, 0x03, 0x07, 0x04,
    0x00, 0x00, 0x03, 0x03, 0x0F, 0x0F, 0x3F, 0x38, 0xFE, 0xE1, 0xF8, 0x87, 0xE0, 0x1F, 0x80, 0x7F,
    0x7F, 0x7F, 0xFF, 0xE0, 0xFE, 0x01, 0xC0, 0x3F, 0x00, 0xFF, 0x00, 0xFF, 0x0F, 0xF0, 0xF8, 0x07,
    0xFF, 0xFF, 0x00, 0x00, 0xFF, 0x00, 0xFF, 0x00, 0xFF, 0x00, 0xFF, 0x00, 0x00, 0x00, 0x00, 0xFF,
    0xFE, 0xFE, 0xFF, 0x07, 0x7F, 0x80, 0x03, 0xFC, 0x00, 0xFF, 0x00, 0xFF, 0xF0, 0x0F, 0x1F, 0xE0,
    0x00, 0x00, 0xC0, 0xC0, 0xF0, 0xF0, 0xFC, 0x1C, 0x7F, 0x87, 0x1F, 0xE1, 0x07, 0xF8, 0x01, 0xFE,
    0x00, 0x00, 0x00, 0x00, 0x00, 0x00, 0x00, 0x00, 0x00, 0x00, 0x80, 0x80, 0xC0, 0xC0, 0xE0, 0x20,
    0x00, 0x00, 0x00, 0x00, 0x00, 0x00, 0x00, 0x00, 0x00, 0x00, 0x01, 0x01, 0x03, 0x03, 0x03, 0x02,
    0x1F, 0x18, 0x3E, 0x31, 0x7C, 0x63, 0x78, 0x47, 0xF0, 0x8F, 0xE1, 0x1E, 0xC3, 0x3C, 0x86, 0x79,
    0xFC, 0x00, 0xF0, 0x01, 0xE0, 0x07, 0x80, 0x0F, 0x00, 0x3F, 0x03, 0x7F, 0x07, 0xFF, 0x1F, 0xFF,
    0x00, 0x7F, 0x00, 0xFF, 0x07, 0xFF, 0x3F, 0xFF, 0xFF, 0xFF, 0xFF, 0xFF, 0xFF, 0xFF, 0xFF, 0xFF,
    0x00, 0xFF, 0x00, 0xFF, 0x00, 0xFF, 0xC0, 0xFF, 0xF0, 0xFF, 0xFC, 0xFF, 0xFE, 0xFF, 0xFF, 0xFF,
    0x00, 0xFF, 0x00, 0xFF, 0x00, 0xFF, 0x00, 0xFF, 0x00, 0xFF, 0x00, 0xFF, 0x00, 0xFF, 0x80, 0xFF,
    0x00, 0xFF, 0x00, 0xFF, 0x00, 0xFF, 0x00, 0xFF, 0x00, 0xFF, 0x00, 0xFF, 0x00, 0xFF, 0x00, 0xFF,
    0x00, 0xFF, 0x00, 0xFF, 0x00, 0xFF, 0x00, 0xFF, 0x00, 0xFF, 0x00, 0xFF, 0x00, 0xFF, 0x01, 0xFF,
    0x00, 0xFF, 0x00, 0xFF, 0x00, 0xFF, 0x03, 0xFF, 0x0F, 0xFF, 0x3F, 0xFF, 0x7F, 0xFF, 0xFF, 0xFF,
    0x00, 0xFF, 0x00, 0xFF, 0x7F, 0xFF, 0xFF, 0xFF, 0xFF, 0xFF, 0xFF, 0xFF, 0xFF, 0xFF, 0xFF, 0xFF,
    0x00, 0xFE, 0x00, 0xFF, 0xE0, 0xFF, 0xFC, 0xFF, 0xFF, 0xFF, 0xFF, 0xFF, 0xFF, 0xFF, 0xFF, 0xFF,
    0x3F, 0x00, 0x0F, 0x80, 0x07, 0xE0, 0x01, 0xF0, 0x00, 0xFC, 0xC0, 0xFE, 0xE0, 0xFF, 0xF8, 0xFF,
    0xF8, 0x18, 0x7C, 0x8C, 0x3E, 0xC6, 0x1E, 0xE2, 0x0F, 0xF1, 0x87, 0x78, 0xC3, 0x3C, 0x61, 0x9E,
    0x00, 0x00, 0x00, 0x00, 0x00, 0x00, 0x00, 0x00, 0x00, 0x00, 0x80, 0x80, 0xC0, 0xC0, 0xC0, 0x40,
    0x07, 0x06, 0x07, 0x04, 0x0F, 0x0C, 0x0E, 0x09, 0x1E, 0x19, 0x1C, 0x13, 0x1C, 0x13, 0x3C, 0x33,
    0x78, 0x03, 0xF0, 0x07, 0xE0, 0x07, 0xE0, 0x0F, 0xC1, 0x0F, 0xC1, 0x1F, 0x83, 0x1F, 0x83, 0x3F,
    0xFF, 0xFF, 0xFF, 0xFF, 0xF1, 0xF1, 0xF3, 0xF3, 0xF7, 0xF7, 0xFF, 0xFF, 0xFF, 0xFF, 0xFF, 0xFF,
    0xFF, 0xFF, 0xFF, 0xFF, 0xF8, 0xF8, 0xFC, 0xFC, 0xFE, 0xFE, 0x3F, 0xFF, 0x1F, 0xFF, 0x0F, 0xFF,
    0xC0, 0xFF, 0xE0, 0xFF, 0xE0, 0xFF, 0xF0, 0xFF, 0xF8, 0xFF, 0xF8, 0xFF, 0xFC, 0xFF, 0xFC, 0xFF,
    0x1F, 0xE0, 0x1F, 0xEF, 0x1F, 0xEF, 0x1F, 0xE0, 0x00, 0xFF, 0x00, 0xFF, 0x00, 0xFF, 0x00, 0xFF,
    0x00, 0x07, 0xF0, 0x07, 0xF0, 0x07, 0x00, 0x07, 0x00, 0xFF, 0x00, 0xFF, 0x00, 0xFF, 0x00, 0xFF,
    0x1E, 0xC0, 0x0F, 0xE0, 0x07, 0xE0, 0x07, 0xF0, 0x83, 0xF0, 0x83, 0xF8, 0xC1, 0xF8, 0xC1, 0xFC,
    0xE0, 0x60, 0xE0, 0x20, 0xF0, 0x30, 0x70, 0x90, 0x78, 0x98, 0x38, 0xC8, 0x38, 0xC8, 0x3C, 0xCC,
    0x38, 0x27, 0x38, 0x27, 0x38, 0x27, 0x38, 0x27, 0x70, 0x6F, 0x70, 0x6F, 0x70, 0x6F, 0x70, 0x6F,
    0x87, 0x3F, 0x07, 0x3F, 0x07, 0x7F, 0x0F, 0x7F, 0x0F, 0x7F, 0x0F, 0x7F, 0x0F, 0x7F, 0x0F, 0x7F,
    0xE1, 0xFC, 0xE0, 0xFC, 0xE0, 0xFE, 0xF0, 0xFE, 0xF0, 0xFE, 0xF0, 0xFE, 0xF0, 0xFE, 0xF0, 0xFE,
    0x1C, 0xE4, 0x1C, 0xE4, 0x1C, 0xE4, 0x1C, 0xE4, 0x0E, 0xF6, 0x0E, 0xF6, 0x0E, 0xF6, 0x0E, 0xF6,
    0x60, 0x7F, 0x60, 0x7F, 0x60, 0x7F, 0x60, 0x7F, 0x20, 0x3F, 0x20, 0x3F, 0x30, 0x2F, 0x30, 0x3F,
    0x0F, 0x7F, 0x0F, 0x7F, 0x0F, 0x7F, 0x0F, 0x7F, 0x0F, 0x7F, 0x07, 0x7F, 0x07, 0x3F, 0x87, 0x3F,
    0x80, 0x7F, 0x80, 0x7F, 0x80, 0x7F, 0x80, 0x7F, 0x00, 0xFF, 0x00, 0xFF, 0x00, 0xFF, 0x00, 0xFF,
    0x01, 0xFE, 0x01, 0xFE, 0x01, 0xFE, 0x01, 0xFE, 0x00, 0xFF, 0x00, 0xFF, 0x00, 0xFF, 0x00, 0xFF,
    0xF0, 0xFE, 0xF0, 0xFE, 0xF0, 0xFE, 0xF0, 0xFE, 0xF0, 0xFE, 0xE0, 0xFE, 0xE0, 0xFC, 0xE1, 0xFC,
    0x06, 0xFE, 0x06, 0xFE, 0x06, 0xFE, 0x06, 0xFE, 0x04, 0xFC, 0x04, 0xFC, 0x0C, 0xF4, 0x0C, 0xFC,
    0x30, 0x3F, 0x18, 0x17, 0x18, 0x17, 0x18, 0x1F, 0x0C, 0x0B, 0x0C, 0x0F, 0x04, 0x07, 0x06, 0x05,
    0x83, 0x3F, 0x83, 0x1F, 0xC1, 0x1F, 0xC1, 0x0F, 0xE0, 0x0F, 0xE0, 0x07, 0xF0, 0x07, 0xF8, 0x03,
    0xFF, 0xFF, 0xFF, 0xFF, 0xFF, 0xFF, 0xF7, 0xF7, 0xF3, 0xF3, 0xF1, 0xF1, 0xFF, 0xFF, 0xFF, 0xFF,
    0x0F, 0xFF, 0x1F, 0xFF, 0x3F, 0xFF, 0xFE, 0xFE, 0xFC, 0xFC, 0xF8, 0xF8, 0xFF, 0xFF, 0xFF, 0xFF,
    0xFC, 0xFF, 0xFC, 0xFF, 0xF8, 0xFF, 0xF8, 0xFF, 0xF0, 0xFF, 0xE0, 0xFF, 0xE0, 0xFF, 0xC0, 0xFF,
    0xC1, 0xFC, 0xC1, 0xF8, 0x83, 0xF8, 0x83, 0xF0, 0x07, 0xF0, 0x07, 0xE0, 0x0F, 0xE0, 0x1F, 0xC0,
    0x0C, 0xFC, 0x18, 0xE8, 0x18, 0xE8, 0x18, 0xF8, 0x30, 0xD0, 0x30, 0xF0, 0x20, 0xE0, 0x60, 0xA0,
    0x03, 0x02, 0x03, 0x03, 0x01, 0x01, 0x00, 0x00, 0x00, 0x00, 0x00, 0x00, 0x00, 0x00, 0x00, 0x00,
    0x06, 0xF9, 0x03, 0xFC, 0x81, 0x7E, 0xC0, 0xBF, 0x60, 0x5F, 0x70, 0x6F, 0x38, 0x37, 0x1C, 0x1B,
    0x1F, 0xFF, 0x07, 0xFF, 0x03, 0x7F, 0x00, 0x3F, 0x80, 0x0F, 0xE0, 0x07, 0xF0, 0x01, 0xFC, 0x00,
    0xFF, 0xFF, 0xFF, 0xFF, 0xFF, 0xFF, 0xFF, 0xFF, 0x3F, 0xFF, 0x07, 0xFF, 0x00, 0xFF, 0x00, 0x3F,
    0xFF, 0xFF, 0xFE, 0xFF, 0xFC, 0xFF, 0xF0, 0xFF, 0xC0, 0xFF, 0x00, 0xFE, 0x00, 0xF8, 0x03, 0xC0,
    0x80, 0xFF, 0x00, 0xFF, 0x00, 0xFF, 0x00, 0xFF, 0x00, 0x80, 0x3F, 0x00, 0xFF, 0x00, 0xFF, 0x00,
    0x00, 0xFF, 0x00, 0xFF, 0x00, 0xFF, 0x00, 0xFF, 0x00, 0x00, 0xFF, 0x00, 0xFF, 0x00, 0xFF, 0x00,
    0x01, 0xFF, 0x00, 0xFF, 0x00, 0xFF, 0x00, 0xFF, 0x00, 0x01, 0xFC, 0x00, 0xFF, 0x00, 0xFF, 0x00,
    0xFF, 0xFF, 0x7F, 0xFF, 0x3F, 0xFF, 0x0F, 0xFF, 0x03, 0xFF, 0x00, 0x7F, 0x00, 0x1F, 0xC0, 0x03,
    0xFF, 0xFF, 0xFF, 0xFF, 0xFF, 0xFF, 0xFF, 0xFF, 0xFF, 0xFF, 0x7F, 0xFF, 0x00, 0xFF, 0x00, 0xFF,
    0xFF, 0xFF, 0xFF, 0xFF, 0xFF, 0xFF, 0xFF, 0xFF, 0xFC, 0xFF, 0xE0, 0xFF, 0x00, 0xFF, 0x00, 0xFC,
    0xF8, 0xFF, 0xE0, 0xFF, 0xC0, 0xFE, 0x00, 0xFC, 0x01, 0xF0, 0x07, 0xE0, 0x0F, 0x80, 0x3F, 0x00,
    0x60, 0x9F, 0xC0, 0x3F, 0x81, 0x7E, 0x03, 0xFD, 0x06, 0xFA, 0x0E, 0xF6, 0x1C, 0xEC, 0x38, 0xD8,
    0xC0, 0x40, 0xC0, 0xC0, 0x80, 0x80, 0x00, 0x00, 0x00, 0x00, 0x00, 0x00, 0x00, 0x00, 0x00, 0x00,
    0x06, 0x05, 0x03, 0x03, 0x01, 0x01, 0x00, 0x00, 0x00, 0x00, 0x00, 0x00, 0x00, 0x00, 0x00, 0x00,
    0x00, 0xFF, 0x80, 0x7F, 0xC0, 0xBF, 0x70, 0x6F, 0x3C, 0x3B, 0x0F, 0x0F, 0x01, 0x01, 0x00, 0x00,
    0x78, 0x87, 0x0F, 0xF0, 0x00, 0xFF, 0x00, 0xFF, 0x00, 0xFF, 0x80, 0x7F, 0xF8, 0xF7, 0x3F, 0x3F,
    0x00, 0xFE, 0x00, 0x00, 0xFF, 0x00, 0xFF, 0x00, 0xFF, 0x00, 0xFF, 0x00, 0xFE, 0x00, 0xFF, 0xFF,
    0xE0, 0x1F, 0x00, 0xFF, 0x00, 0xFF, 0x00, 0xFF, 0x03, 0xFD, 0x1F, 0xEF, 0xF8, 0x78, 0xE0, 0xE0,
    0x00, 0xFF, 0x07, 0xF8, 0x3F, 0xDF, 0xF0, 0x70, 0xC0, 0xC0, 0x00, 0x00, 0x00, 0x00, 0x00, 0x00,
    0x00, 0xFF, 0xFF, 0x00, 0xFF, 0xFF, 0x00, 0x00, 0x00, 0x00, 0x00, 0x00, 0x00, 0x00, 0x00, 0x00,
    0x00, 0xFF, 0xE0, 0x1F, 0xFC, 0xFB, 0x0F, 0x0E, 0x03, 0x03, 0x00, 0x00, 0x00, 0x00, 0x00, 0x00,
    0x07, 0xF8, 0x00, 0xFF, 0x00, 0xFF, 0x00, 0xFF, 0xC0, 0xBF, 0xF8, 0xF7, 0x1F, 0x1E, 0x07, 0x07,
    0x00, 0x7F, 0x00, 0x00, 0xFF, 0x00, 0xFF, 0x00, 0xFF, 0x00, 0xFF, 0x00, 0x7F, 0x00, 0xFF, 0xFF,
    0x1E, 0xE1, 0xF0, 0x0F, 0x00, 0xFF, 0x00, 0xFF, 0x00, 0xFF, 0x01, 0xFE, 0x1F, 0xEF, 0xFC, 0xFC,
    0x00, 0xFF, 0x01, 0xFE, 0x03, 0xFD, 0x0E, 0xF6, 0x3C, 0xDC, 0xF0, 0xF0, 0x80, 0x80, 0x00, 0x00,
    0x60, 0xA0, 0xC0, 0xC0, 0x80, 0x80, 0x00, 0x00, 0x00, 0x00, 0x00, 0x00, 0x00, 0x00, 0x00, 0x00,
    0x40, 0x40, 0x00, 0x00, 0x00, 0x00, 0x00, 0x00, 0x00, 0x00, 0x00, 0x00, 0x00, 0x00, 0x00, 0x00,
    0x02, 0x02, 0x00, 0x00, 0x00, 0x00, 0x00, 0x00, 0x00, 0x00, 0x00, 0x00, 0x00, 0x00, 0x00, 0x00,
    0xFF, 0x7F, 0x6B, 0x31, 0xC6, 0x1C, 0x00, 0x04, 0xFF, 0x7F, 0x6B, 0x31, 0x63, 0x10, 0x00, 0x04,
    0x9F, 0x52, 0x9B, 0x14, 0x21, 0x4D, 0x21, 0x08, 0x9F, 0x52, 0x9B, 0x14, 0x2C, 0x08, 0x21, 0x08,
    0xFF, 0x5B, 0xBF, 0x03, 0xAF, 0x01, 0x21, 0x08, 0xFF, 0x7F, 0x88, 0x7E, 0x21, 0x4D, 0x21, 0x08,
    0x6B, 0x31, 0xC6, 0x1C, 0x63, 0x10, 0x21, 0x08, 0x88, 0x7E, 0x9B, 0x14, 0x21, 0x4D, 0x21, 0x08,
    0x52, 0x52, 0x52, 0x52, 0x52, 0x52, 0x52, 0x52, 0x52, 0x52, 0x52, 0x52, 0x52, 0x52, 0x52, 0x52,
    0x52, 0x52, 0x52, 0x52, 0x52, 0x52, 0x52, 0x52, 0x52, 0x52, 0x52, 0x52, 0x52, 0x52, 0x52, 0x52,
    0x52, 0x52, 0x52, 0x52, 0x52, 0x52, 0x52, 0x52, 0x52, 0x52, 0x52, 0x52, 0x52, 0x52, 0x52, 0x52,
    0x52, 0x52, 0x52, 0x52, 0x52, 0x52, 0x52, 0x52, 0x52, 0x52, 0x52, 0x52, 0x52, 0x52, 0x52, 0x52,
    0x53, 0x54, 0x54, 0x54, 0x54, 0x54, 0x54, 0x54, 0x54, 0x54, 0x54, 0x55, 0x52, 0x52, 0x52, 0x52,
    0x52, 0x56, 0x57, 0x58, 0x59, 0x59, 0x59, 0x59, 0x59, 0x59, 0x59, 0x59, 0x59, 0x59, 0x59, 0x59,
    0x5A, 0x5B, 0x5C, 0x52, 0x5D, 0x5E, 0x5F, 0x60, 0x00, 0x61, 0x62, 0x63, 0x63, 0x63, 0x63, 0x63,
    0x63, 0x64, 0x65, 0x66, 0x67, 0x68, 0x69, 0x6A, 0x6B, 0x6C, 0x6D, 0x02, 0x03, 0x6E, 0x6F, 0x63,
    0x63, 0x70, 0x71, 0x63, 0x63, 0x04, 0x06, 0x08, 0x0A, 0x0C, 0x72, 0x73, 0x74, 0x75, 0x0E, 0x10,
    0x14, 0x18, 0x1A, 0x63, 0x63, 0x63, 0x63, 0x63, 0x63, 0x1C, 0x1E, 0x20, 0x22, 0x24, 0x76, 0x77,
    0x78, 0x79, 0x26, 0x28, 0x2C, 0x30, 0x32, 0x34, 0x36, 0x7A, 0x7B, 0x36, 0x38, 0x3A, 0x3C, 0x3E,
    0x40, 0x42, 0x7C, 0x7D, 0x7E, 0x7F, 0x80, 0x44, 0x45, 0x81, 0x82, 0x63, 0x63, 0x63, 0x63, 0x63,
    0x63, 0x46, 0x48, 0x4A, 0x4C, 0x4E, 0x83, 0x84, 0x85, 0x86, 0x87, 0x88, 0x50, 0x89, 0x8A, 0x8B,
    0x8B, 0x8B, 0x8B, 0x8B, 0x8B, 0x8C, 0x8D, 0x8E, 0x8F, 0x90, 0x91, 0x92, 0x52, 0x93, 0x94, 0x95,
    0x96, 0x97, 0x98, 0x99, 0x99, 0x99, 0x99, 0x99, 0x99, 0x9A, 0x9B, 0x9C, 0x9D, 0x9E, 0x9F, 0x52,
    0x52, 0x52, 0x52, 0x52, 0xA0, 0x52, 0x52, 0x52, 0x52, 0x52, 0x52, 0x52, 0x52, 0x52, 0x52, 0xA1,
    0x52, 0x52, 0x52, 0x52, 0x52, 0x52, 0x52, 0x52, 0x52, 0x52, 0x52, 0x52, 0x52, 0x52, 0x52, 0x52,
    0x52, 0x52, 0x52, 0x52, 0x52, 0x52, 0x52, 0x52, 0x52, 0x52, 0x52, 0x52, 0x52, 0x52, 0x52, 0x52,
    0x52, 0x52, 0x52, 0x52, 0x52, 0x52, 0x52, 0x52, 0x52, 0x52, 0x52, 0x52, 0x52, 0x52, 0x52, 0x52,
    0x52, 0x52, 0x52, 0x52, 0x52, 0x52, 0x52, 0x52, 0x52, 0x52, 0x52, 0x52, 0x52, 0x52, 0x52, 0x52,
    0x52, 0x52, 0x52, 0x52, 0x52, 0x52, 0x52, 0x52, 0x52, 0x52, 0x52, 0x52, 0x52, 0x52, 0x52, 0x52,
    0x52, 0x52, 0x52, 0x52, 0x52, 0x52, 0x52, 0x52, 0x52, 0x52, 0x52, 0x52, 0x52, 0x52, 0x52, 0x52,
    0x00, 0x00, 0x00, 0x00, 0x00, 0x00, 0x00, 0x00, 0x08, 0x08, 0x08, 0x08, 0x08, 0x08, 0x08, 0x08,
    0x08, 0x08, 0x08, 0x08, 0x08, 0x08, 0x08, 0x08, 0x08, 0x08, 0x08, 0x08, 0x08, 0x08, 0x08, 0x08,
    0x08, 0x08, 0x08, 0x08, 0x08, 0x08, 0x08, 0x08, 0x08, 0x08, 0x08, 0x08, 0x08, 0x08, 0x08, 0x08,
    0x08, 0x08, 0x08, 0x08, 0x08, 0x08, 0x08, 0x08, 0x08, 0x08, 0x08, 0x08, 0x08, 0x08, 0x08, 0x08,
    0x08, 0x08, 0x08, 0x08, 0x08, 0x08, 0x08, 0x08, 0x08, 0x08, 0x08, 0x08, 0x08, 0x08, 0x08, 0x08,
    0x08, 0x08, 0x08, 0x08, 0x08, 0x08, 0x08, 0x08, 0x08, 0x08, 0x08, 0x08, 0x0E, 0x0E, 0x0E, 0x0E,
    0x0E, 0x0E, 0x0E, 0x0E, 0x0E, 0x0E, 0x0E, 0x0E, 0x08, 0x08, 0x08, 0x08, 0x08, 0x08, 0x0E, 0x0E,
    0x0A, 0x0E, 0x0E, 0x09, 0x09, 0x09, 0x09, 0x09, 0x09, 0x0E, 0x0E, 0x0E, 0x0E, 0x0E, 0x08, 0x08,
    0x08, 0x0E, 0x0D, 0x0F, 0x0F, 0x0D, 0x0E, 0x09, 0x09, 0x09, 0x0E, 0x09, 0x09, 0x0B, 0x0B, 0x0B,
    0x0C, 0x0C, 0x0E, 0x08, 0x08, 0x0E, 0x0A, 0x0D, 0x0D, 0x0D, 0x0A, 0x09, 0x09, 0x09, 0x09, 0x09,
    0x09, 0x0B, 0x0B, 0x0B, 0x0C, 0x0C, 0x0E, 0x08, 0x08, 0x0E, 0x0A, 0x0D, 0x0D, 0x0D, 0x0A, 0x09,
    0x09, 0x09, 0x09, 0x09, 0x09, 0x0B, 0x0B, 0x0B, 0x0C, 0x0C, 0x0E, 0x08, 0x08, 0x0E, 0x0D, 0x0F,
    0x0F, 0x0D, 0x0E, 0x09, 0x09, 0x09, 0x09, 0x09, 0x09, 0x0B, 0x0B, 0x0B, 0x0C, 0x0C, 0x0E, 0x08,
    0x08, 0x08, 0x0E, 0x0E, 0x0A, 0x0E, 0x0E, 0x0E, 0x0E, 0x0E, 0x0E, 0x0E, 0x0E, 0x0E, 0x0E, 0x0E,
    0x0E, 0x0E, 0x08, 0x08, 0x08, 0x08, 0x08, 0x08, 0x0E, 0x08, 0x08, 0x08, 0x08, 0x08, 0x08, 0x08,
    0x08, 0x08, 0x08, 0x0E, 0x08, 0x08, 0x08, 0x08, 0x08, 0x08, 0x08, 0x08, 0x08, 0x08, 0x08, 0x08,
    0x08, 0x08, 0x08, 0x08, 0x08, 0x08, 0x08, 0x08, 0x08, 0x08, 0x08, 0x08, 0x08, 0x08, 0x08, 0x08,
    0x08, 0x08, 0x08, 0x08, 0x08, 0x08, 0x08, 0x08, 0x08, 0x08, 0x08, 0x08, 0x08, 0x08, 0x08, 0x08,
    0x08, 0x08, 0x08, 0x08, 0x08, 0x08, 0x08, 0x08, 0x08, 0x08, 0x08, 0x08, 0x08, 0x08, 0x08, 0x08,
    0x08, 0x08, 0x08, 0x08, 0x08, 0x08, 0x08, 0x08, 0x08, 0x08, 0x08, 0x08, 0x08, 0x08, 0x08, 0x08,
    0x08, 0x08, 0x08, 0x08, 0x08, 0x08, 0x08, 0x08, 0x08, 0x08, 0x08, 0x08, 0x08, 0x08, 0x08, 0x08,
    0x08, 0x08, 0x08, 0x08, 0x08, 0x08, 0x08, 0x08, 0x08, 0x08, 0x08, 0x08, 0x08, 0x08, 0x08, 0x08,
    0x08, 0x08, 0x08, 0x08, 0x08, 0x08, 0x08, 0x08, 0x00, 0x00, 0x00, 0x00, 0x00, 0x00, 0x00, 0x00,
    0x04, 0x03, 0x04, 0x0D, 0x0E, 0x0F, 0x10, 0x11, 0x02, 0x03, 0x04, 0x05, 0x06, 0x0D, 0x0E, 0x0F,
    0x10, 0x11, 0x02, 0x03, 0x04, 0x05, 0x06, 0x07, 0x08, 0x0B, 0x0C, 0x0D, 0x0E, 0x0F, 0x10, 0x11,
    0x03, 0x04, 0x0D, 0x0E, 0x0F, 0x10, 0x11, 0x04, 0x05, 0x06, 0x06, 0x06, 0x06, 0x06, 0x06, 0x06,
    0x07, 0x07, 0x07, 0x07, 0x07, 0x07, 0x07, 0x07, 0x07, 0x07, 0x08, 0x08, 0x08, 0x08, 0x08, 0x08,
    0x08, 0x08, 0x08, 0x08, 0x08, 0x08, 0x08, 0x08, 0x09, 0x09, 0x09, 0x09, 0x09, 0x09, 0x09, 0x0A,
    0x01, 0x01, 0x01, 0x01, 0x01, 0x01, 0x01, 0x01, 0x01, 0x02, 0x02, 0x01, 0x01, 0x01, 0x01, 0x01,
    0x01, 0x01, 0x01, 0x02, 0x02, 0x01, 0x01, 0x01, 0x01, 0x01, 0x01, 0x01, 0x01, 0x01, 0x01, 0x01,
    0x01, 0x01, 0x01, 0x01, 0x01, 0x01, 0x01, 0x01, 0x00, 0x01, 0x02, 0x03, 0x04, 0x05, 0x06, 0x07,
    0x08, 0x09, 0x0B, 0x0D, 0x0E, 0x0F, 0x10, 0x11, 0x12, 0x13, 0x14, 0x15, 0x17, 0x19, 0x1A, 0x1B,
    0x1C, 0x1D, 0x1E, 0x1F, 0x20, 0x21, 0x22, 0x23, 0x24, 0x25, 0x26, 0x27, 0x28, 0x29, 0x2A, 0x2B,
    0x00, 0x00, 0x00, 0x06, 0x06, 0x06, 0x08, 0x08, 0x02, 0x00, 0x02, 0x00, 0x03, 0x03, 0x03, 0x06,
    0x06, 0x06, 0x08, 0x08, 0x02, 0x01, 0x02, 0x01, 0x03, 0x03, 0x03, 0x04, 0x04, 0x05, 0x05, 0x07,
    0x07, 0x07, 0x09, 0x09, 0x01, 0x01, 0x07, 0x07, 0x07, 0x09, 0x09, 0x01, 0x00, 0x00, 0x02, 0x00,
    0x04, 0x00, 0x06, 0x00, 0x08, 0x00, 0x0A, 0x00, 0x0C, 0x00, 0x0E, 0x00, 0x10, 0x00, 0x12, 0x00,
    0x16, 0x00, 0x1A, 0x00, 0x1C, 0x00, 0x1E, 0x00, 0x20, 0x00, 0x22, 0x00, 0x24, 0x00, 0x26, 0x00,
    0x28, 0x00, 0x2A, 0x00, 0x2E, 0x00, 0x32, 0x00, 0x34, 0x00, 0x36, 0x00, 0x38, 0x00, 0x3A, 0x00,
    0x3C, 0x00, 0x3E, 0x00, 0x40, 0x00, 0x42, 0x00, 0x44, 0x00, 0x46, 0x00, 0x48, 0x00, 0x4A, 0x00,
    0x4C, 0x00, 0x4E, 0x00, 0x50, 0x00, 0x52, 0x00, 0x54, 0x00, 0x56, 0x00, 0x00, 0x01, 0x02, 0x02,
    0x03, 0x03, 0x04, 0x05, 0x06, 0x07, 0x08, 0x09, 0x0A, 0x0B, 0x0C, 0x0D, 0x0E, 0x0F, 0x10, 0x11,
    0x12, 0x13, 0x14, 0x15, 0x16, 0x17, 0x18, 0x19, 0x1A, 0x1B, 0x1C, 0x1D, 0x1E, 0x1F, 0x20, 0x21,
    0x22, 0x23, 0x24, 0x25, 0x26, 0x27, 0x28, 0x29, 0x2A, 0x2B, 0x2C, 0x2D, 0x2E, 0x2F, 0x30, 0x31,
    0x32, 0x33, 0x34, 0x35, 0x36, 0x37, 0x36, 0x37, 0x38, 0x39, 0x3A, 0x3B, 0x3C, 0x3D, 0x3E, 0x3F,
    0x40, 0x41, 0x42, 0x43, 0x44, 0x44, 0x45, 0x45, 0x46, 0x47, 0x48, 0x49, 0x4A, 0x4B, 0x4C, 0x4D,
    0x4E, 0x4F, 0x50, 0x51, 0x02, 0x03, 0x01, 0x00, 0x06, 0x07, 0x08, 0x09, 0x04, 0x05, 0x00, 0x05,
    0x0A, 0x0E, 0x14, 0x16, 0x18, 0x1E, 0x24, 0x28, 0x2C, 0x00, 0x01, 0x02, 0x09, 0x0A, 0x13, 0x14,
    0x20, 0x21, 0x27, 0x08, 0x09, 0x12, 0x13, 0x0A, 0x0B, 0x0C, 0x14, 0x15, 0x16, 0x17, 0x18, 0x19,
    0x1A, 0x03, 0x04, 0x05, 0x0D, 0x0E, 0x0F, 0x1B, 0x1C, 0x1D, 0x22, 0x23, 0x24, 0x06, 0x07, 0x10,
    0x11, 0x1E, 0x1F, 0x25, 0x26,
};

typedef struct { uint8_t proto; const uint8_t *blob; uint16_t len; } padart_ent_t;
static const padart_ent_t k_padart[] = {
    { PROTO_GENESIS, k_art_genesis, 3717 },
    { PROTO_N64, k_art_n64, 4907 },
    { PROTO_NES, k_art_nes, 2373 },
    { PROTO_SNES, k_art_snes, 4349 },
    { PROTO_VIS, k_art_vis, 3877 },
};

#endif
